UniprotEntry,Hydropathy,FCR,IDR,LCR,Pscore,PLAAC,catGRANULE,Score
A0A024RB53,0.402 ,0.241 ,0.175 ,0.331 ,14.720 ,0.364 ,3.870 ,1
A0A0B4LEZ3,0.479 ,0.190 ,0.000 ,0.070 ,3.970 ,0.251 ,0.705 ,1
A0A0C9PCY9,0.494 ,0.140 ,0.023 ,0.119 ,2.010 ,-0.046 ,1.762 ,1
A0A0D9RS87,0.342 ,0.381 ,0.537 ,0.442 ,5.000 ,0.190 ,1.193 ,1
A0A0D9S7U2,0.374 ,0.244 ,0.549 ,0.527 ,7.660 ,0.478 ,2.406 ,1
A0A0R4IAW9,0.432 ,0.165 ,0.107 ,0.189 ,4.610 ,0.181 ,1.432 ,1
A0A0U1RRE5,0.388 ,0.206 ,1.000 ,0.250 ,#N/A,-0.286 ,-0.562 ,1
A0A2K3E7A5,0.449 ,0.225 ,0.000 ,0.320 ,7.220 ,0.256 ,1.297 ,1
A0A6H0ME53,0.475 ,0.194 ,0.000 ,0.060 ,1.090 ,-0.118 ,0.607 ,1
A0QSY1,0.491 ,0.170 ,0.000 ,0.113 ,7.240 ,0.404 ,0.865 ,1
A1Z651,,0.231 ,0.000 ,0.092 ,#N/A,-0.148 ,0.816 ,1
A1Z7A8,0.425 ,0.292 ,0.000 ,0.060 ,0.590 ,-0.300 ,0.555 ,1
A1Z813,0.462 ,0.151 ,0.041 ,0.248 ,3.440 ,0.405 ,0.496 ,1
A1Z8C4,0.424 ,0.277 ,0.383 ,0.000 ,1.330 ,-0.397 ,-0.203 ,1
A6NC42,0.461 ,0.267 ,0.216 ,0.000 ,#N/A,-0.543 ,-1.149 ,1
A6NFN3,0.430 ,0.163 ,0.218 ,0.170 ,2.690 ,0.069 ,0.562 ,1
A8IXG3,0.464 ,0.220 ,0.707 ,0.000 ,#N/A,-0.295 ,-0.370 ,1
B3DL84,0.439 ,0.227 ,0.000 ,0.024 ,1.970 ,0.000 ,0.946 ,1
B4DQF0,0.369 ,0.321 ,1.000 ,0.179 ,#N/A,-0.394 ,0.070 ,1
B5DE31,0.323 ,0.335 ,0.713 ,0.448 ,2.930 ,0.009 ,1.804 ,1
C3XWA2,0.448 ,0.198 ,0.000 ,0.226 ,5.050 ,0.059 ,1.596 ,1
D0PV95,0.408 ,0.246 ,0.250 ,0.274 ,12.890 ,0.446 ,3.564 ,1
D3KYQ3,0.445 ,0.120 ,0.000 ,0.482 ,8.230 ,0.355 ,4.192 ,1
D3YXK2,0.356 ,0.393 ,0.743 ,0.187 ,5.760 ,0.093 ,1.765 ,1
D3ZU13,0.430 ,0.268 ,0.289 ,0.162 ,3.890 ,0.149 ,1.002 ,1
D8V196,0.426 ,0.189 ,0.000 ,0.161 ,4.800 ,0.164 ,1.272 ,1
E1JJR3,0.444 ,0.231 ,0.036 ,0.093 ,1.270 ,0.368 ,0.664 ,1
E1UZH7,0.406 ,0.303 ,0.000 ,0.223 ,3.260 ,-0.089 ,3.584 ,1
F1M049,0.416 ,0.169 ,0.385 ,0.258 ,6.580 ,0.263 ,0.816 ,1
F1R237,0.466 ,0.247 ,0.009 ,0.017 ,2.450 ,-0.165 ,0.674 ,1
F4ID16,0.441 ,0.118 ,0.000 ,0.257 ,7.000 ,0.217 ,1.989 ,1
F4IS91,0.375 ,0.362 ,0.378 ,0.232 ,4.550 ,0.167 ,1.738 ,1
F6SEU4,0.432 ,0.236 ,0.169 ,0.143 ,4.930 ,0.126 ,1.192 ,1
G5EBV6,0.466 ,0.245 ,0.082 ,0.162 ,11.110 ,0.087 ,1.206 ,1
G5EC37,0.426 ,0.292 ,0.046 ,0.070 ,0.350 ,-0.320 ,0.571 ,1
G5EDE7,0.412 ,0.241 ,0.690 ,0.199 ,1.840 ,-0.065 ,0.115 ,1
G5EEH9,0.448 ,0.191 ,0.000 ,0.117 ,5.810 ,0.388 ,1.768 ,1
G5EEM5,0.467 ,0.261 ,0.000 ,0.097 ,1.910 ,-0.026 ,0.591 ,1
G5EFT5,0.399 ,0.218 ,0.131 ,0.075 ,3.350 ,0.211 ,1.161 ,1
G8JLB6,0.437 ,0.212 ,0.000 ,0.201 ,9.570 ,0.408 ,2.541 ,1
H0WFA5,0.409 ,0.263 ,0.075 ,0.064 ,2.710 ,0.191 ,0.339 ,1
H2L067,0.440 ,0.205 ,0.000 ,0.106 ,0.600 ,0.137 ,0.690 ,1
H3BMX5,,0.262 ,0.000 ,0.000 ,#N/A,-0.447 ,0.069 ,1
J3QQ18,0.434 ,0.238 ,0.114 ,0.132 ,4.360 ,0.126 ,1.217 ,1
J7I6Y1,0.451 ,0.193 ,0.000 ,0.114 ,4.910 ,0.159 ,1.417 ,1
K7DPS7,0.354 ,0.170 ,0.687 ,0.620 ,12.980 ,0.679 ,5.660 ,1
K7EK33,0.417 ,0.167 ,0.288 ,0.293 ,4.820 ,0.257 ,1.947 ,1
K9ZRR1,0.452 ,0.160 ,0.050 ,0.149 ,4.480 ,0.272 ,1.524 ,1
K9ZTJ6,0.456 ,0.178 ,0.000 ,0.157 ,4.300 ,0.143 ,1.312 ,1
M0R0X9,0.466 ,0.181 ,1.000 ,0.000 ,#N/A,-0.400 ,-0.860 ,1
O00159,0.457 ,0.261 ,0.000 ,0.051 ,0.980 ,-0.269 ,0.720 ,1
O00257,0.402 ,0.263 ,0.000 ,0.229 ,1.970 ,-0.061 ,1.061 ,1
O00303,0.505 ,0.151 ,0.115 ,0.235 ,0.780 ,-0.008 ,-0.463 ,1
O00401,0.407 ,0.238 ,0.430 ,0.317 ,4.900 ,0.090 ,0.738 ,1
O00425,0.453 ,0.237 ,0.040 ,0.097 ,1.210 ,-0.095 ,0.696 ,1
O00444,0.436 ,0.223 ,0.000 ,0.016 ,1.610 ,-0.068 ,0.897 ,1
O00567,0.448 ,0.295 ,0.194 ,0.192 ,0.810 ,-0.313 ,0.772 ,1
O00571,0.430 ,0.266 ,0.165 ,0.190 ,7.900 ,0.207 ,1.985 ,1
O00584,0.435 ,0.262 ,0.160 ,0.082 ,0.480 ,-0.390 ,-0.138 ,1
O04379,0.443 ,0.218 ,0.105 ,0.130 ,8.740 ,0.468 ,1.455 ,1
O04492,0.445 ,0.239 ,0.072 ,0.048 ,0.690 ,-0.359 ,0.143 ,1
O08816,0.406 ,0.238 ,0.429 ,0.287 ,4.710 ,0.082 ,0.767 ,1
O13828,0.423 ,0.223 ,0.032 ,0.069 ,1.520 ,0.175 ,0.611 ,1
O14497,0.414 ,0.150 ,0.485 ,0.312 ,7.460 ,0.627 ,1.847 ,1
O14607,0.449 ,0.190 ,0.000 ,0.056 ,1.790 ,-0.102 ,0.854 ,1
O14617,0.445 ,0.286 ,0.127 ,0.108 ,2.120 ,-0.229 ,0.532 ,1
O14641,0.437 ,0.208 ,0.106 ,0.318 ,4.320 ,0.070 ,1.186 ,1
O14646,0.379 ,0.329 ,0.177 ,0.180 ,6.610 ,-0.032 ,1.663 ,1
O14686,0.428 ,0.198 ,0.401 ,0.293 ,5.250 ,1.050 ,1.516 ,1
O14746,0.478 ,0.216 ,0.000 ,0.081 ,2.630 ,-0.219 ,0.358 ,1
O14810,0.374 ,0.440 ,1.000 ,0.313 ,#N/A,-0.650 ,0.537 ,1
O14965,0.427 ,0.248 ,0.166 ,0.000 ,1.400 ,0.012 ,0.277 ,1
O14979,0.394 ,0.248 ,0.157 ,0.307 ,16.830 ,0.509 ,2.086 ,1
O14980,0.490 ,0.213 ,0.000 ,0.000 ,-0.400 ,-0.221 ,0.056 ,1
O15042,0.373 ,0.358 ,0.446 ,0.230 ,4.480 ,-0.124 ,1.155 ,1
O15054,0.427 ,0.201 ,0.482 ,0.282 ,4.440 ,0.083 ,0.823 ,1
O15350,0.442 ,0.182 ,0.000 ,0.044 ,2.690 ,0.088 ,0.630 ,1
O15484,0.442 ,0.258 ,0.000 ,0.000 ,1.160 ,-0.340 ,0.739 ,1
O15527,0.456 ,0.209 ,0.067 ,0.035 ,1.790 ,-0.207 ,-0.213 ,1
O22173,0.444 ,0.213 ,0.020 ,0.184 ,4.340 ,0.288 ,1.612 ,1
O23252,0.421 ,0.272 ,0.191 ,0.077 ,0.930 ,-0.433 ,0.740 ,1
O35134,0.456 ,0.253 ,0.000 ,0.072 ,1.350 ,-0.202 ,0.982 ,1
O35613,0.403 ,0.306 ,0.429 ,0.208 ,1.700 ,-0.127 ,0.626 ,1
O43251,0.454 ,0.151 ,0.185 ,0.213 ,3.530 ,0.110 ,1.065 ,1
O43313,0.460 ,0.175 ,0.036 ,0.134 ,1.320 ,-0.076 ,0.213 ,1
O43561,0.453 ,0.198 ,0.202 ,0.313 ,2.710 ,-0.126 ,-0.335 ,1
O43670,0.429 ,0.153 ,0.113 ,0.582 ,5.490 ,0.313 ,0.343 ,1
O43781,0.450 ,0.236 ,0.037 ,0.054 ,2.350 ,-0.275 ,1.026 ,1
O43791,0.473 ,0.259 ,0.000 ,0.045 ,0.430 ,-0.402 ,-0.255 ,1
O43823,0.389 ,0.305 ,0.136 ,0.165 ,4.380 ,0.092 ,1.737 ,1
O44490,0.393 ,0.309 ,0.004 ,0.028 ,0.710 ,0.040 ,0.601 ,1
O54724,0.416 ,0.375 ,0.235 ,0.094 ,0.770 ,-0.413 ,0.643 ,1
O59810,0.450 ,0.273 ,0.033 ,0.076 ,0.630 ,-0.029 ,1.139 ,1
O60500,0.473 ,0.197 ,0.000 ,0.085 ,1.730 ,-0.172 ,0.734 ,1
O60504,0.396 ,0.252 ,0.019 ,0.113 ,3.470 ,0.017 ,1.002 ,1
O60563,0.422 ,0.213 ,0.058 ,0.114 ,2.930 ,-0.038 ,0.383 ,1
O60885,0.380 ,0.239 ,0.667 ,0.441 ,2.730 ,0.419 ,0.212 ,1
O62011,0.381 ,0.234 ,0.309 ,0.150 ,5.400 ,0.547 ,1.271 ,1
O65934,0.506 ,0.178 ,0.000 ,0.060 ,2.070 ,0.079 ,0.625 ,1
O74718,0.443 ,0.246 ,0.175 ,0.148 ,2.830 ,0.167 ,0.738 ,1
O75127,0.454 ,0.250 ,0.036 ,0.026 ,0.870 ,-0.221 ,0.312 ,1
O75494,0.304 ,0.382 ,0.309 ,0.462 ,2.270 ,-0.100 ,1.103 ,1
O75533,0.457 ,0.255 ,0.235 ,0.021 ,4.300 ,-0.196 ,0.785 ,1
O75593,0.454 ,0.170 ,0.063 ,0.063 ,2.860 ,-0.137 ,0.381 ,1
O75616,0.483 ,0.204 ,0.000 ,0.021 ,0.710 ,-0.203 ,0.011 ,1
O75643,0.464 ,0.266 ,0.002 ,0.051 ,1.170 ,-0.228 ,0.770 ,1
O75683,0.348 ,0.427 ,0.593 ,0.391 ,0.810 ,-0.445 ,0.852 ,1
O75928,0.478 ,0.208 ,0.000 ,0.153 ,0.840 ,-0.231 ,-0.297 ,1
O75934,0.422 ,0.262 ,0.000 ,0.044 ,-1.600 ,-0.301 ,-0.219 ,1
O75943,0.448 ,0.251 ,0.073 ,0.023 ,2.050 ,-0.221 ,0.667 ,1
O82307,0.428 ,0.235 ,0.063 ,0.102 ,1.860 ,-0.126 ,-0.182 ,1
O88935,0.435 ,0.166 ,0.367 ,0.365 ,3.660 ,0.339 ,1.193 ,1
O94752,0.478 ,0.200 ,0.000 ,0.048 ,0.580 ,-0.196 ,0.618 ,1
O94875,0.397 ,0.269 ,0.048 ,0.087 ,3.210 ,0.026 ,0.926 ,1
O95049,0.420 ,0.274 ,0.092 ,0.114 ,3.740 ,-0.193 ,1.377 ,1
O95104,0.404 ,0.221 ,0.193 ,0.402 ,5.630 ,0.627 ,0.946 ,1
O95602,0.454 ,0.255 ,0.000 ,0.052 ,1.630 ,-0.210 ,0.934 ,1
O95613,0.409 ,0.317 ,0.023 ,0.130 ,2.830 ,-0.110 ,0.870 ,1
O95793,0.435 ,0.227 ,0.000 ,0.153 ,1.850 ,0.033 ,0.891 ,1
O95816,0.434 ,0.294 ,0.000 ,0.000 ,-1.800 ,-0.399 ,-0.201 ,1
O95900,0.472 ,0.233 ,0.115 ,0.000 ,0.190 ,-0.372 ,0.171 ,1
P00441,0.462 ,0.234 ,0.026 ,0.000 ,1.460 ,-0.343 ,1.983 ,1
P00519,0.434 ,0.246 ,0.317 ,0.089 ,2.410 ,-0.199 ,1.188 ,1
P00546,0.473 ,0.272 ,0.000 ,0.000 ,-0.210 ,-0.469 ,0.392 ,1
P00549,0.484 ,0.242 ,0.000 ,0.030 ,0.390 ,-0.330 ,0.585 ,1
P00698,0.483 ,0.184 ,0.000 ,0.000 ,1.370 ,-0.176 ,0.021 ,1
P00873,0.500 ,0.189 ,0.000 ,0.216 ,-1.090 ,-0.230 ,-1.396 ,1
P00974,0.488 ,0.190 ,0.000 ,0.180 ,#N/A,-0.291 ,-0.772 ,1
P01012,0.500 ,0.212 ,0.000 ,0.036 ,0.340 ,-0.317 ,-0.234 ,1
P01106,0.415 ,0.260 ,0.000 ,0.181 ,2.200 ,-0.125 ,0.146 ,1
P02708,0.522 ,0.184 ,0.000 ,0.101 ,0.190 ,-0.424 ,-0.350 ,1
P02754,0.499 ,0.253 ,0.000 ,0.079 ,-1.220 ,-0.495 ,-1.359 ,1
P02792,0.442 ,0.291 ,0.000 ,0.069 ,-0.040 ,-0.420 ,0.149 ,1
P02794,0.414 ,0.279 ,0.000 ,0.000 ,-1.260 ,-0.197 ,-0.043 ,1
P02945,0.580 ,0.134 ,0.053 ,0.099 ,-1.160 ,-0.340 ,-0.413 ,1
P03069,0.433 ,0.292 ,0.217 ,0.053 ,0.030 ,-0.355 ,-0.284 ,1
P03345,0.439 ,0.186 ,0.054 ,0.210 ,2.420 ,-0.072 ,-0.312 ,1
P03354,0.478 ,0.210 ,0.029 ,0.000 ,2.580 ,-0.051 ,0.783 ,1
P03372,0.461 ,0.208 ,0.000 ,0.108 ,2.120 ,0.050 ,0.552 ,1
P03520,0.422 ,0.291 ,0.291 ,0.000 ,-0.340 ,-0.386 ,0.212 ,1
P03521,0.463 ,0.242 ,0.000 ,0.036 ,0.770 ,-0.211 ,0.609 ,1
P03523,0.466 ,0.228 ,0.000 ,0.028 ,1.700 ,-0.180 ,1.001 ,1
P04050,0.456 ,0.228 ,0.091 ,0.110 ,7.180 ,0.179 ,1.026 ,1
P04147,0.425 ,0.255 ,0.111 ,0.062 ,4.380 ,0.353 ,1.232 ,1
P04150,0.456 ,0.210 ,0.086 ,0.068 ,1.590 ,-0.024 ,0.686 ,1
P04156,0.437 ,0.142 ,0.000 ,0.387 ,12.900 ,0.247 ,2.129 ,1
P04289,0.425 ,0.250 ,1.000 ,0.000 ,#N/A,-0.314 ,-0.561 ,1
P04585,0.445 ,0.252 ,0.000 ,0.024 ,0.580 ,-0.158 ,1.195 ,1
P04591,0.427 ,0.242 ,0.100 ,0.032 ,0.470 ,-0.158 ,0.647 ,1
P04637,0.416 ,0.244 ,0.288 ,0.069 ,1.990 ,-0.154 ,0.086 ,1
P04925,0.432 ,0.142 ,0.000 ,0.362 ,11.930 ,0.248 ,1.946 ,1
P04985,0.576 ,0.068 ,0.001 ,0.890 ,4.760 ,-0.072 ,4.459 ,1
P05067,0.435 ,0.286 ,0.000 ,0.160 ,2.800 ,-0.331 ,0.284 ,1
P05205,0.371 ,0.359 ,0.709 ,0.248 ,1.050 ,-0.361 ,0.540 ,1
P05453,0.411 ,0.250 ,0.070 ,0.279 ,6.210 ,0.854 ,1.714 ,1
P05896,0.448 ,0.247 ,0.010 ,0.033 ,1.400 ,-0.120 ,1.178 ,1
P06104,0.409 ,0.331 ,0.238 ,0.110 ,-0.200 ,-0.275 ,-0.500 ,1
P06241,0.446 ,0.244 ,0.000 ,0.026 ,2.880 ,0.070 ,0.952 ,1
P06493,0.469 ,0.256 ,0.000 ,0.000 ,-0.850 ,-0.392 ,0.260 ,1
P06634,0.442 ,0.217 ,0.073 ,0.232 ,9.700 ,0.391 ,1.978 ,1
P06748,0.392 ,0.361 ,0.255 ,0.160 ,0.260 ,-0.331 ,0.873 ,1
P06778,0.410 ,0.276 ,0.121 ,0.087 ,1.000 ,-0.107 ,0.872 ,1
P06786,0.423 ,0.310 ,0.131 ,0.102 ,0.590 ,-0.176 ,1.448 ,1
P07170,0.453 ,0.266 ,0.000 ,0.000 ,-0.410 ,-0.291 ,0.386 ,1
P07260,0.435 ,0.286 ,0.000 ,0.000 ,-0.890 ,-0.520 ,0.231 ,1
P07283,0.457 ,0.287 ,0.000 ,0.000 ,-0.370 ,-0.470 ,0.784 ,1
P07320,0.411 ,0.253 ,0.000 ,0.000 ,0.540 ,-0.177 ,0.277 ,1
P08018,0.441 ,0.205 ,0.063 ,0.061 ,3.750 ,0.017 ,1.075 ,1
P08047,0.452 ,0.106 ,0.089 ,0.283 ,4.710 ,0.315 ,1.682 ,1
P08228,0.449 ,0.201 ,0.065 ,0.000 ,2.250 ,-0.162 ,2.002 ,1
P08287,0.426 ,0.333 ,1.000 ,0.707 ,0.660 ,-0.474 ,0.663 ,1
P08453,0.422 ,0.040 ,0.125 ,0.621 ,0.790 ,0.663 ,-1.187 ,1
P08621,0.296 ,0.478 ,0.522 ,0.513 ,2.300 ,-0.345 ,2.199 ,1
P08908,0.522 ,0.178 ,0.000 ,0.026 ,1.580 ,-0.299 ,-0.086 ,1
P08970,0.410 ,0.333 ,0.209 ,0.107 ,1.030 ,-0.443 ,1.006 ,1
P09012,0.451 ,0.206 ,0.000 ,0.287 ,1.220 ,0.186 ,0.259 ,1
P09651,0.401 ,0.212 ,0.180 ,0.435 ,13.890 ,0.473 ,4.893 ,1
P09661,0.445 ,0.302 ,0.247 ,0.039 ,-0.260 ,-0.388 ,0.677 ,1
P09922,0.452 ,0.296 ,0.000 ,0.040 ,-0.440 ,-0.293 ,0.468 ,1
P0A9A6,0.499 ,0.232 ,0.034 ,0.120 ,0.140 ,-0.245 ,0.971 ,1
P0ABT2,0.476 ,0.263 ,0.000 ,0.000 ,-2.080 ,-0.366 ,-0.527 ,1
P0AFF6,0.469 ,0.315 ,0.000 ,0.026 ,-0.080 ,-0.303 ,0.278 ,1
P0AGE0,0.421 ,0.191 ,0.298 ,0.331 ,5.600 ,0.398 ,1.885 ,1
P0C093,0.466 ,0.293 ,0.000 ,0.051 ,-1.380 ,-0.480 ,-0.564 ,1
P0CX34,0.392 ,0.317 ,1.000 ,0.222 ,#N/A,-0.443 ,0.348 ,1
P0DMV8,0.457 ,0.270 ,0.058 ,0.075 ,1.360 ,-0.271 ,1.296 ,1
P0DMV9,0.457 ,0.270 ,0.058 ,0.075 ,1.360 ,-0.271 ,1.296 ,1
P0DTC9,0.392 ,0.229 ,0.255 ,0.208 ,2.490 ,0.081 ,1.648 ,1
P10067,0.409 ,0.253 ,0.000 ,0.000 ,1.920 ,-0.210 ,0.206 ,1
P10081,0.478 ,0.261 ,0.000 ,0.081 ,-0.220 ,-0.302 ,0.164 ,1
P10242,0.414 ,0.245 ,0.041 ,0.045 ,1.960 ,0.021 ,0.305 ,1
P10275,0.451 ,0.188 ,0.057 ,0.191 ,5.200 ,0.510 ,1.136 ,1
P10276,0.458 ,0.212 ,0.093 ,0.143 ,2.650 ,-0.025 ,0.184 ,1
P10354,0.354 ,0.345 ,0.715 ,0.217 ,5.680 ,0.120 ,0.982 ,1
P10415,0.485 ,0.180 ,0.000 ,0.205 ,2.010 ,-0.093 ,-0.001 ,1
P10636,0.402 ,0.259 ,0.880 ,0.154 ,3.410 ,-0.061 ,1.716 ,1
P10644,0.451 ,0.299 ,0.003 ,0.000 ,0.760 ,-0.387 ,0.459 ,1
P10645,0.374 ,0.365 ,0.694 ,0.173 ,1.380 ,-0.331 ,1.023 ,1
P10659,0.470 ,0.259 ,0.000 ,0.039 ,0.040 ,-0.228 ,0.572 ,1
P10961,0.386 ,0.230 ,0.058 ,0.191 ,2.500 ,0.288 ,1.461 ,1
P10997,0.504 ,0.157 ,0.427 ,0.000 ,#N/A,-0.252 ,-0.887 ,1
P11021,0.446 ,0.306 ,0.093 ,0.055 ,0.840 ,-0.320 ,1.199 ,1
P11142,0.449 ,0.274 ,0.060 ,0.098 ,0.960 ,-0.262 ,1.296 ,1
P11230,0.502 ,0.206 ,0.000 ,0.136 ,1.700 ,-0.173 ,-0.028 ,1
P11362,0.459 ,0.236 ,0.040 ,0.051 ,1.300 ,-0.313 ,0.383 ,1
P11388,0.423 ,0.308 ,0.228 ,0.091 ,2.300 ,-0.100 ,1.432 ,1
P12814,0.433 ,0.285 ,0.000 ,0.000 ,-0.400 ,-0.224 ,0.474 ,1
P12978,0.407 ,0.150 ,0.538 ,0.329 ,3.000 ,0.002 ,-0.244 ,1
P14681,0.468 ,0.261 ,0.000 ,0.014 ,-1.200 ,-0.305 ,-0.487 ,1
P14713,0.488 ,0.224 ,0.039 ,0.015 ,0.710 ,-0.059 ,0.783 ,1
P14904,0.463 ,0.245 ,0.010 ,0.049 ,0.240 ,-0.187 ,1.172 ,1
P14907,0.393 ,0.230 ,0.491 ,0.196 ,5.670 ,0.425 ,2.312 ,1
P15170,0.452 ,0.291 ,0.104 ,0.086 ,0.410 ,-0.369 ,0.927 ,1
P15502,0.570 ,0.070 ,0.000 ,0.838 ,5.570 ,-0.048 ,4.023 ,1
P15891,0.384 ,0.334 ,0.659 ,0.253 ,1.690 ,-0.239 ,0.711 ,1
P15992,0.424 ,0.285 ,0.196 ,0.136 ,1.320 ,-0.210 ,1.218 ,1
P16087,0.455 ,0.242 ,0.000 ,0.000 ,0.420 ,-0.189 ,0.411 ,1
P16333,0.430 ,0.271 ,0.000 ,0.045 ,0.800 ,-0.175 ,0.958 ,1
P16554,0.438 ,0.225 ,0.162 ,0.133 ,2.030 ,-0.050 ,0.392 ,1
P16892,0.468 ,0.249 ,0.000 ,0.000 ,-0.790 ,-0.344 ,-0.229 ,1
P17066,0.449 ,0.277 ,0.044 ,0.076 ,1.200 ,-0.204 ,0.992 ,1
P17480,0.347 ,0.403 ,0.372 ,0.195 ,0.540 ,-0.286 ,1.093 ,1
P17600,0.430 ,0.167 ,0.365 ,0.357 ,3.820 ,0.340 ,1.304 ,1
P17655,0.453 ,0.283 ,0.000 ,0.033 ,1.410 ,-0.393 ,0.818 ,1
P17931,0.456 ,0.128 ,0.072 ,0.340 ,5.420 ,0.293 ,1.571 ,1
P19474,0.448 ,0.259 ,0.000 ,0.065 ,1.450 ,-0.230 ,0.185 ,1
P19484,0.423 ,0.218 ,0.324 ,0.275 ,2.450 ,0.204 ,0.184 ,1
P19532,0.448 ,0.217 ,0.160 ,0.355 ,1.650 ,-0.040 ,0.214 ,1
P19622,0.399 ,0.234 ,0.234 ,0.414 ,5.000 ,-0.025 ,2.837 ,1
P19659,0.403 ,0.168 ,0.040 ,0.317 ,2.880 ,0.816 ,0.818 ,1
P19837,0.503 ,0.032 ,0.032 ,0.900 ,9.770 ,0.336 ,7.079 ,1
P22087,0.447 ,0.240 ,0.053 ,0.224 ,11.100 ,0.178 ,3.336 ,1
P22363,0.434 ,0.290 ,0.000 ,0.000 ,-0.350 ,-0.319 ,0.265 ,1
P22626,0.397 ,0.235 ,0.108 ,0.436 ,14.060 ,0.506 ,4.664 ,1
P22736,0.473 ,0.189 ,0.050 ,0.157 ,3.380 ,-0.086 ,0.256 ,1
P23201,0.407 ,0.298 ,0.337 ,0.130 ,1.510 ,-0.166 ,1.149 ,1
P23246,0.375 ,0.245 ,0.547 ,0.526 ,7.670 ,0.478 ,2.383 ,1
P23769,0.441 ,0.146 ,0.000 ,0.190 ,2.840 ,-0.050 ,0.843 ,1
P23771,0.426 ,0.151 ,0.000 ,0.214 ,2.240 ,-0.100 ,0.556 ,1
P23804,0.408 ,0.297 ,0.029 ,0.174 ,0.240 ,-0.309 ,0.401 ,1
P24300,0.451 ,0.286 ,0.000 ,0.031 ,0.570 ,-0.306 ,0.853 ,1
P24928,0.441 ,0.208 ,0.191 ,0.216 ,7.260 ,0.212 ,1.029 ,1
P25159,0.419 ,0.187 ,0.000 ,0.278 ,3.080 ,0.399 ,1.135 ,1
P25294,0.426 ,0.219 ,0.142 ,0.244 ,9.850 ,0.150 ,2.610 ,1
P25367,0.374 ,0.072 ,0.378 ,0.558 ,3.810 ,0.791 ,3.111 ,1
P25491,0.440 ,0.306 ,0.083 ,0.178 ,2.850 ,-0.215 ,1.836 ,1
P25604,0.465 ,0.179 ,0.000 ,0.062 ,0.470 ,-0.071 ,-0.650 ,1
P25623,0.431 ,0.213 ,0.000 ,0.098 ,2.150 ,0.013 ,0.617 ,1
P25644,0.445 ,0.212 ,0.003 ,0.204 ,4.260 ,0.439 ,0.933 ,1
P25685,0.421 ,0.306 ,0.147 ,0.106 ,5.340 ,-0.117 ,1.630 ,1
P26339,0.361 ,0.346 ,0.678 ,0.188 ,4.260 ,0.005 ,0.748 ,1
P26368,0.435 ,0.265 ,0.133 ,0.164 ,0.120 ,-0.114 ,0.771 ,1
P26369,0.436 ,0.265 ,0.133 ,0.164 ,0.070 ,-0.121 ,0.767 ,1
P26497,0.442 ,0.309 ,0.000 ,0.043 ,-0.130 ,-0.319 ,0.260 ,1
P26599,0.487 ,0.167 ,0.000 ,0.110 ,0.800 ,-0.029 ,0.862 ,1
P27815,0.443 ,0.228 ,0.134 ,0.152 ,3.230 ,-0.104 ,0.122 ,1
P28005,0.473 ,0.272 ,0.000 ,0.000 ,-1.070 ,-0.427 ,-0.129 ,1
P28074,0.487 ,0.202 ,0.000 ,0.110 ,1.410 ,-0.164 ,0.907 ,1
P28163,0.480 ,0.131 ,0.000 ,0.152 ,0.970 ,-0.008 ,-0.034 ,1
P28750,0.456 ,0.237 ,0.130 ,0.102 ,1.340 ,-0.029 ,0.861 ,1
P29227,0.385 ,0.329 ,0.695 ,0.075 ,0.720 ,-0.339 ,1.076 ,1
P29590,0.455 ,0.238 ,0.054 ,0.068 ,2.180 ,-0.204 ,-0.112 ,1
P30657,0.476 ,0.199 ,0.000 ,0.000 ,1.610 ,-0.057 ,0.430 ,1
P31016,0.448 ,0.268 ,0.000 ,0.000 ,1.300 ,-0.230 ,1.146 ,1
P31271,0.469 ,0.155 ,0.000 ,0.351 ,4.050 ,0.025 ,0.316 ,1
P31483,0.436 ,0.163 ,0.000 ,0.078 ,5.570 ,0.424 ,0.973 ,1
P31539,0.448 ,0.302 ,0.045 ,0.030 ,0.250 ,-0.233 ,0.822 ,1
P31689,0.419 ,0.312 ,0.116 ,0.103 ,0.720 ,-0.295 ,1.590 ,1
P31942,0.418 ,0.217 ,0.000 ,0.442 ,10.940 ,0.289 ,4.192 ,1
P31943,0.433 ,0.227 ,0.000 ,0.131 ,8.300 ,0.305 ,2.326 ,1
P32521,0.414 ,0.178 ,0.399 ,0.307 ,4.280 ,0.779 ,1.321 ,1
P32588,0.406 ,0.166 ,0.185 ,0.272 ,2.940 ,0.698 ,1.235 ,1
P32599,0.469 ,0.259 ,0.000 ,0.020 ,0.170 ,-0.266 ,0.674 ,1
P32790,0.427 ,0.214 ,0.000 ,0.207 ,3.300 ,0.481 ,1.329 ,1
P32905,0.472 ,0.246 ,0.179 ,0.151 ,-0.570 ,-0.370 ,-0.571 ,1
P33240,0.445 ,0.192 ,0.031 ,0.220 ,3.540 ,0.340 ,1.238 ,1
P33242,0.462 ,0.219 ,0.000 ,0.132 ,3.540 ,-0.028 ,-0.055 ,1
P33338,0.449 ,0.236 ,0.000 ,0.128 ,1.830 ,0.307 ,-0.053 ,1
P34216,0.424 ,0.218 ,0.185 ,0.082 ,1.620 ,0.320 ,0.795 ,1
P34689,0.442 ,0.216 ,0.037 ,0.218 ,12.060 ,0.287 ,3.168 ,1
P34761,0.429 ,0.132 ,0.000 ,0.269 ,3.380 ,0.417 ,0.951 ,1
P34931,0.462 ,0.268 ,0.006 ,0.037 ,1.130 ,-0.267 ,1.133 ,1
P35189,0.454 ,0.266 ,0.000 ,0.061 ,-0.040 ,-0.494 ,0.087 ,1
P35222,0.481 ,0.198 ,0.000 ,0.017 ,5.460 ,-0.148 ,0.334 ,1
P35453,0.454 ,0.178 ,0.122 ,0.233 ,2.470 ,-0.059 ,0.753 ,1
P35550,0.446 ,0.239 ,0.052 ,0.239 ,12.830 ,0.202 ,3.517 ,1
P35568,0.425 ,0.193 ,0.077 ,0.203 ,4.600 ,0.049 ,1.542 ,1
P35637,0.353 ,0.167 ,0.688 ,0.679 ,13.960 ,0.674 ,5.750 ,1
P35922,0.408 ,0.303 ,0.161 ,0.059 ,3.960 ,-0.061 ,1.484 ,1
P35972,0.465 ,0.253 ,0.103 ,0.000 ,1.180 ,-0.108 ,0.615 ,1
P35974,0.440 ,0.258 ,0.059 ,0.112 ,1.520 ,-0.195 ,1.339 ,1
P36008,0.456 ,0.269 ,0.000 ,0.090 ,0.310 ,-0.180 ,0.416 ,1
P36124,0.407 ,0.290 ,0.162 ,0.079 ,1.460 ,-0.092 ,0.874 ,1
P37449,0.507 ,0.204 ,0.000 ,0.000 ,-0.690 ,-0.338 ,0.462 ,1
P37450,0.476 ,0.233 ,0.000 ,0.022 ,1.420 ,-0.213 ,0.643 ,1
P37840,0.455 ,0.279 ,1.000 ,0.214 ,-0.310 ,-0.438 ,1.125 ,1
P38070,0.437 ,0.257 ,0.000 ,0.044 ,0.480 ,-0.145 ,0.881 ,1
P38208,0.448 ,0.293 ,0.000 ,0.075 ,#N/A,-0.444 ,-0.706 ,1
P38249,0.426 ,0.335 ,0.107 ,0.127 ,0.920 ,-0.307 ,0.416 ,1
P38291,0.440 ,0.300 ,0.000 ,0.100 ,0.000 ,-0.434 ,-0.127 ,1
P38293,0.423 ,0.243 ,0.142 ,0.000 ,-0.270 ,-0.281 ,-0.358 ,1
P38432,0.420 ,0.276 ,0.188 ,0.163 ,2.560 ,-0.107 ,1.217 ,1
P38713,0.419 ,0.273 ,0.006 ,0.051 ,0.750 ,-0.113 ,0.957 ,1
P38828,0.451 ,0.283 ,0.000 ,0.000 ,-0.450 ,-0.284 ,0.479 ,1
P38996,0.365 ,0.267 ,0.294 ,0.352 ,4.240 ,0.621 ,1.309 ,1
P39013,0.418 ,0.292 ,0.000 ,0.077 ,-0.610 ,-0.218 ,0.534 ,1
P39517,0.457 ,0.206 ,0.091 ,0.089 ,0.360 ,0.432 ,0.126 ,1
P39676,0.479 ,0.231 ,0.000 ,0.040 ,-0.470 ,-0.315 ,-0.090 ,1
P39743,0.447 ,0.210 ,0.000 ,0.232 ,3.060 ,0.166 ,0.571 ,1
P39935,0.375 ,0.319 ,0.397 ,0.257 ,7.270 ,0.412 ,1.385 ,1
P39936,0.380 ,0.298 ,0.164 ,0.124 ,2.180 ,0.455 ,1.403 ,1
P40070,0.371 ,0.176 ,0.000 ,0.358 ,4.650 ,0.670 ,2.018 ,1
P40337,0.414 ,0.300 ,0.249 ,0.225 ,1.730 ,-0.296 ,0.439 ,1
P40494,0.428 ,0.228 ,0.075 ,0.051 ,2.310 ,0.082 ,0.883 ,1
P40967,0.503 ,0.138 ,0.000 ,0.073 ,1.660 ,-0.130 ,0.192 ,1
P40993,0.405 ,0.268 ,0.258 ,0.101 ,-1.120 ,-0.227 ,0.556 ,1
P42568,0.386 ,0.305 ,0.424 ,0.333 ,2.380 ,0.087 ,0.768 ,1
P42731,0.444 ,0.210 ,0.000 ,0.116 ,4.280 ,0.374 ,1.324 ,1
P42763,0.359 ,0.449 ,1.000 ,0.595 ,1.510 ,-0.774 ,0.596 ,1
P42858,0.493 ,0.197 ,0.022 ,0.074 ,2.160 ,0.619 ,0.369 ,1
P43064,0.387 ,0.082 ,0.132 ,0.457 ,2.890 ,0.842 ,0.807 ,1
P43243,0.397 ,0.296 ,0.175 ,0.139 ,2.630 ,0.070 ,1.556 ,1
P43628,0.464 ,0.182 ,0.000 ,0.091 ,2.880 ,-0.187 ,0.097 ,1
P45973,0.370 ,0.414 ,0.859 ,0.052 ,-0.340 ,-0.541 ,0.542 ,1
P46777,0.417 ,0.316 ,0.152 ,0.047 ,0.580 ,-0.360 ,0.815 ,1
P46804,0.459 ,0.013 ,0.756 ,0.877 ,11.490 ,0.490 ,4.753 ,1
P46934,0.424 ,0.235 ,0.000 ,0.062 ,3.650 ,-0.038 ,1.045 ,1
P46937,0.416 ,0.171 ,0.117 ,0.151 ,2.690 ,0.279 ,0.366 ,1
P47035,0.397 ,0.278 ,0.672 ,0.218 ,2.680 ,0.049 ,1.404 ,1
P47974,0.457 ,0.150 ,0.128 ,0.407 ,2.550 ,0.122 ,0.588 ,1
P48431,0.418 ,0.174 ,0.129 ,0.183 ,3.320 ,0.272 ,1.083 ,1
P48443,0.467 ,0.218 ,0.000 ,0.134 ,1.610 ,-0.063 ,0.296 ,1
P48729,0.442 ,0.249 ,0.095 ,0.113 ,-0.600 ,-0.111 ,0.726 ,1
P49185,0.467 ,0.243 ,0.119 ,0.034 ,-0.010 ,-0.316 ,-0.019 ,1
P49790,0.448 ,0.171 ,0.074 ,0.164 ,5.510 ,0.231 ,1.509 ,1
P49840,0.476 ,0.178 ,0.174 ,0.193 ,6.420 ,0.216 ,1.562 ,1
P50995,0.442 ,0.200 ,0.075 ,0.263 ,5.270 ,0.330 ,1.218 ,1
P51114,0.414 ,0.312 ,0.219 ,0.101 ,2.860 ,-0.229 ,1.298 ,1
P51531,0.401 ,0.294 ,0.134 ,0.262 ,5.540 ,0.732 ,1.157 ,1
P51608,0.380 ,0.331 ,1.000 ,0.348 ,1.540 ,-0.324 ,1.388 ,1
P51991,0.390 ,0.243 ,0.209 ,0.463 ,15.690 ,0.484 ,5.253 ,1
P52292,0.485 ,0.210 ,0.017 ,0.025 ,-0.380 ,-0.197 ,0.286 ,1
P52293,0.481 ,0.216 ,0.000 ,0.023 ,-0.400 ,-0.215 ,0.344 ,1
P52912,0.440 ,0.163 ,0.013 ,0.078 ,3.900 ,0.332 ,0.861 ,1
P52948,0.454 ,0.189 ,0.000 ,0.112 ,5.810 ,0.164 ,1.345 ,1
P53104,0.448 ,0.246 ,0.000 ,0.072 ,1.300 ,0.147 ,0.591 ,1
P53218,0.452 ,0.241 ,0.000 ,0.076 ,0.080 ,-0.144 ,0.282 ,1
P53297,0.406 ,0.241 ,0.000 ,0.252 ,5.180 ,0.371 ,1.778 ,1
P53833,0.473 ,0.226 ,0.000 ,0.062 ,-1.610 ,-0.365 ,-0.844 ,1
P53849,0.410 ,0.248 ,0.000 ,0.000 ,1.450 ,-0.413 ,-0.054 ,1
P53897,0.406 ,0.202 ,0.952 ,0.304 ,1.560 ,-0.096 ,1.182 ,1
P53905,0.431 ,0.296 ,0.878 ,0.000 ,#N/A,-0.456 ,0.453 ,1
P54198,0.475 ,0.218 ,0.000 ,0.103 ,1.500 ,-0.175 ,0.347 ,1
P54397,0.396 ,0.359 ,0.232 ,0.286 ,1.030 ,-0.381 ,1.561 ,1
P54725,0.441 ,0.231 ,0.000 ,0.226 ,0.870 ,-0.012 ,0.028 ,1
P54727,0.457 ,0.181 ,0.000 ,0.340 ,1.110 ,0.090 ,0.051 ,1
P55795,0.433 ,0.227 ,0.002 ,0.180 ,8.220 ,0.322 ,2.225 ,1
P55854,0.408 ,0.291 ,1.000 ,0.000 ,#N/A,-0.370 ,0.106 ,1
P60033,0.577 ,0.140 ,0.000 ,0.178 ,-1.400 ,-0.356 ,-0.451 ,1
P60844,0.604 ,0.087 ,0.000 ,0.208 ,-0.490 ,-0.245 ,0.617 ,1
P61289,0.459 ,0.303 ,0.000 ,0.000 ,-0.670 ,-0.393 ,-0.398 ,1
P61326,0.448 ,0.315 ,0.000 ,0.000 ,-0.920 ,-0.527 ,0.321 ,1
P61407,0.461 ,0.248 ,0.006 ,0.038 ,1.210 ,-0.217 ,1.011 ,1
P61964,0.464 ,0.219 ,0.096 ,0.042 ,0.120 ,-0.350 ,0.399 ,1
P61978,0.422 ,0.268 ,0.073 ,0.268 ,5.150 ,-0.052 ,1.601 ,1
P62314,0.436 ,0.303 ,0.588 ,0.193 ,#N/A,-0.432 ,1.139 ,1
P62495,0.465 ,0.272 ,0.000 ,0.000 ,-0.100 ,-0.341 ,1.136 ,1
P62750,0.419 ,0.353 ,0.481 ,0.186 ,0.590 ,-0.505 ,-0.144 ,1
P62960,0.336 ,0.295 ,0.599 ,0.401 ,1.810 ,0.091 ,2.179 ,1
P62993,0.426 ,0.276 ,0.000 ,0.000 ,0.890 ,-0.255 ,0.783 ,1
P62995,0.320 ,0.351 ,0.385 ,0.559 ,6.850 ,-0.056 ,1.818 ,1
P63165,0.398 ,0.327 ,1.000 ,0.000 ,#N/A,-0.494 ,0.259 ,1
P63244,0.472 ,0.192 ,0.000 ,0.000 ,0.630 ,-0.331 ,0.352 ,1
P63268,0.476 ,0.229 ,0.000 ,0.000 ,0.720 ,-0.288 ,0.145 ,1
P67809,0.335 ,0.293 ,0.565 ,0.380 ,2.150 ,0.100 ,2.211 ,1
P67999,0.445 ,0.269 ,0.080 ,0.000 ,2.890 ,-0.186 ,0.847 ,1
P68135,0.474 ,0.231 ,0.000 ,0.000 ,1.110 ,-0.288 ,0.151 ,1
P69014,0.187 ,0.636 ,1.000 ,0.939 ,#N/A,,-0.321 ,1
P70279,0.339 ,0.420 ,0.972 ,0.248 ,0.710 ,-0.357 ,0.959 ,1
P70318,0.443 ,0.173 ,0.061 ,0.061 ,5.090 ,0.293 ,0.958 ,1
P78344,0.448 ,0.255 ,0.058 ,0.160 ,2.360 ,0.127 ,0.793 ,1
P78352,0.448 ,0.268 ,0.000 ,0.000 ,1.280 ,-0.230 ,1.119 ,1
P78953,0.437 ,0.241 ,0.051 ,0.045 ,1.660 ,-0.171 ,0.850 ,1
P80723,0.360 ,0.366 ,1.000 ,0.714 ,0.680 ,-0.315 ,0.550 ,1
P84022,0.450 ,0.198 ,0.000 ,0.049 ,0.910 ,-0.034 ,0.029 ,1
P91349,0.420 ,0.304 ,0.018 ,0.013 ,2.330 ,-0.109 ,0.889 ,1
P91870,0.424 ,0.238 ,0.182 ,0.097 ,1.670 ,0.085 ,0.825 ,1
P97789,0.440 ,0.244 ,0.038 ,0.071 ,1.430 ,0.006 ,1.128 ,1
P97793,0.469 ,0.186 ,0.038 ,0.133 ,5.500 ,-0.032 ,1.449 ,1
P98179,0.379 ,0.255 ,0.580 ,0.363 ,10.660 ,0.196 ,3.519 ,1
Q00577,0.416 ,0.264 ,0.252 ,0.252 ,3.180 ,0.073 ,2.294 ,1
Q00684,0.445 ,0.218 ,0.009 ,0.022 ,2.000 ,0.192 ,0.996 ,1
Q00987,0.413 ,0.293 ,0.000 ,0.106 ,-0.430 ,-0.368 ,0.271 ,1
Q00994,0.373 ,0.315 ,0.919 ,0.333 ,#N/A,-0.110 ,0.800 ,1
Q01085,0.440 ,0.173 ,0.075 ,0.064 ,5.000 ,0.293 ,0.968 ,1
Q01130,0.320 ,0.389 ,0.407 ,0.566 ,3.050 ,-0.075 ,1.138 ,1
Q01844,0.376 ,0.168 ,0.497 ,0.590 ,9.310 ,0.573 ,3.355 ,1
Q02199,0.455 ,0.127 ,0.000 ,0.286 ,5.470 ,0.427 ,1.979 ,1
Q02256,0.453 ,0.250 ,0.000 ,0.041 ,-0.260 ,-0.337 ,0.470 ,1
Q02383,0.354 ,0.244 ,0.290 ,0.022 ,1.190 ,-0.002 ,2.048 ,1
Q02629,0.422 ,0.106 ,0.000 ,0.254 ,7.280 ,0.557 ,2.997 ,1
Q02630,0.419 ,0.119 ,0.000 ,0.260 ,7.210 ,0.709 ,3.154 ,1
Q02794,0.429 ,0.227 ,0.054 ,0.056 ,1.390 ,0.123 ,0.305 ,1
Q02796,0.351 ,0.220 ,0.292 ,0.286 ,4.310 ,0.244 ,1.509 ,1
Q03111,0.376 ,0.320 ,0.428 ,0.322 ,3.450 ,-0.161 ,0.783 ,1
Q03518,0.523 ,0.154 ,0.000 ,0.128 ,-0.170 ,-0.155 ,0.333 ,1
Q04439,0.439 ,0.243 ,0.130 ,0.063 ,2.830 ,0.051 ,0.986 ,1
Q05519,0.362 ,0.372 ,0.384 ,0.531 ,1.260 ,-0.092 ,1.481 ,1
Q06410,0.438 ,0.309 ,0.000 ,0.000 ,-1.470 ,-0.426 ,0.486 ,1
Q06628,0.406 ,0.218 ,0.000 ,0.205 ,4.640 ,0.542 ,1.045 ,1
Q06787,0.406 ,0.302 ,0.157 ,0.057 ,4.700 ,-0.065 ,1.457 ,1
Q07157,0.399 ,0.269 ,0.352 ,0.093 ,2.330 ,0.011 ,1.226 ,1
Q07352,0.447 ,0.195 ,0.148 ,0.207 ,2.040 ,-0.125 ,0.509 ,1
Q07666,0.410 ,0.253 ,0.298 ,0.366 ,4.360 ,0.016 ,1.235 ,1
Q07889,0.439 ,0.258 ,0.136 ,0.086 ,3.170 ,-0.079 ,0.455 ,1
Q07955,0.372 ,0.331 ,0.278 ,0.391 ,4.040 ,-0.127 ,2.374 ,1
Q08379,0.398 ,0.298 ,0.076 ,0.167 ,1.210 ,-0.082 ,0.567 ,1
Q08601,0.421 ,0.167 ,0.120 ,0.188 ,1.370 ,0.607 ,1.271 ,1
Q08831,0.418 ,0.141 ,0.046 ,0.249 ,3.880 ,0.352 ,0.547 ,1
Q08881,0.448 ,0.260 ,0.000 ,0.000 ,0.440 ,-0.326 ,0.415 ,1
Q09737,0.492 ,0.222 ,0.000 ,0.000 ,0.340 ,-0.252 ,0.681 ,1
Q10425,0.441 ,0.298 ,0.037 ,0.048 ,0.900 ,-0.299 ,0.628 ,1
Q12092,0.404 ,0.296 ,0.216 ,0.183 ,-0.780 ,-0.330 ,0.066 ,1
Q12123,0.450 ,0.258 ,0.000 ,0.000 ,-1.300 ,-0.359 ,0.767 ,1
Q12421,0.425 ,0.296 ,0.000 ,0.061 ,-0.100 ,-0.259 ,0.187 ,1
Q12446,0.419 ,0.163 ,0.640 ,0.420 ,4.080 ,0.336 ,0.465 ,1
Q12518,0.378 ,0.247 ,0.000 ,0.267 ,4.850 ,0.461 ,0.992 ,1
Q12530,0.452 ,0.289 ,0.005 ,0.114 ,-2.230 ,-0.370 ,0.054 ,1
Q12874,0.397 ,0.331 ,0.056 ,0.048 ,1.080 ,-0.285 ,0.747 ,1
Q12888,0.422 ,0.260 ,0.435 ,0.079 ,2.560 ,-0.159 ,1.195 ,1
Q12905,0.474 ,0.238 ,0.113 ,0.162 ,2.130 ,-0.281 ,0.318 ,1
Q13049,0.480 ,0.237 ,0.000 ,0.049 ,0.270 ,-0.226 ,0.385 ,1
Q13148,0.441 ,0.203 ,0.031 ,0.256 ,5.950 ,0.460 ,2.038 ,1
Q13151,0.434 ,0.193 ,0.131 ,0.413 ,12.720 ,0.376 ,4.681 ,1
Q13247,0.328 ,0.390 ,0.288 ,0.465 ,2.910 ,-0.209 ,1.874 ,1
Q13283,0.407 ,0.275 ,0.358 ,0.221 ,1.260 ,-0.171 ,1.191 ,1
Q13501,0.430 ,0.252 ,0.277 ,0.127 ,2.510 ,-0.290 ,0.704 ,1
Q13547,0.421 ,0.297 ,0.154 ,0.147 ,0.840 ,-0.147 ,1.124 ,1
Q13627,0.421 ,0.197 ,0.024 ,0.127 ,3.660 ,0.153 ,0.953 ,1
Q13702,0.472 ,0.240 ,0.000 ,0.000 ,0.470 ,-0.341 ,0.100 ,1
Q13772,0.426 ,0.256 ,0.000 ,0.049 ,-0.120 ,-0.182 ,0.297 ,1
Q13823,0.402 ,0.327 ,0.249 ,0.111 ,0.660 ,-0.133 ,1.130 ,1
Q13838,0.470 ,0.283 ,0.054 ,0.000 ,1.500 ,-0.322 ,0.197 ,1
Q13905,0.438 ,0.261 ,0.079 ,0.053 ,2.640 ,-0.080 ,0.575 ,1
Q14011,0.382 ,0.285 ,0.645 ,0.436 ,10.760 ,0.058 ,3.580 ,1
Q14103,0.397 ,0.256 ,0.237 ,0.369 ,16.390 ,0.502 ,2.924 ,1
Q14118,0.458 ,0.215 ,0.082 ,0.171 ,2.520 ,-0.112 ,0.213 ,1
Q14149,0.427 ,0.281 ,0.000 ,0.053 ,0.750 ,-0.206 ,0.637 ,1
Q14190,0.467 ,0.186 ,0.001 ,0.129 ,1.530 ,-0.131 ,0.141 ,1
Q14207,0.436 ,0.212 ,0.155 ,0.061 ,1.860 ,0.066 ,0.840 ,1
Q14444,0.399 ,0.209 ,0.165 ,0.289 ,6.820 ,0.285 ,0.976 ,1
Q14671,0.456 ,0.158 ,0.000 ,0.195 ,3.840 ,0.382 ,1.509 ,1
Q14781,0.423 ,0.242 ,0.453 ,0.160 ,1.880 ,-0.030 ,0.939 ,1
Q14974,0.490 ,0.227 ,0.000 ,0.026 ,-0.490 ,-0.229 ,-0.082 ,1
Q15056,0.388 ,0.331 ,0.456 ,0.226 ,5.750 ,-0.194 ,2.287 ,1
Q15059,0.407 ,0.288 ,0.376 ,0.344 ,2.110 ,-0.094 ,0.590 ,1
Q15233,0.389 ,0.299 ,0.183 ,0.261 ,7.530 ,0.158 ,0.758 ,1
Q15428,0.420 ,0.155 ,0.369 ,0.616 ,3.240 ,0.096 ,0.542 ,1
Q15459,0.418 ,0.270 ,0.367 ,0.261 ,2.290 ,-0.027 ,0.206 ,1
Q15637,0.407 ,0.171 ,0.437 ,0.379 ,6.200 ,0.265 ,0.816 ,1
Q15648,0.425 ,0.206 ,0.374 ,0.225 ,4.030 ,0.145 ,1.626 ,1
Q15717,0.460 ,0.212 ,0.000 ,0.000 ,1.480 ,0.032 ,1.064 ,1
Q15759,0.464 ,0.247 ,0.140 ,0.060 ,0.070 ,-0.319 ,-0.173 ,1
Q15811,0.426 ,0.273 ,0.000 ,0.091 ,2.270 ,-0.102 ,0.985 ,1
Q16082,0.445 ,0.264 ,0.082 ,0.093 ,0.070 ,-0.352 ,-0.220 ,1
Q16143,0.440 ,0.306 ,0.970 ,0.284 ,#N/A,-0.454 ,0.205 ,1
Q16236,0.428 ,0.263 ,0.060 ,0.088 ,1.600 ,-0.226 ,0.329 ,1
Q16629,0.345 ,0.353 ,0.227 ,0.555 ,2.780 ,-0.149 ,1.308 ,1
Q16637,0.414 ,0.218 ,0.190 ,0.374 ,2.120 ,-0.130 ,0.797 ,1
Q16665,0.436 ,0.246 ,0.035 ,0.068 ,0.950 ,-0.217 ,0.192 ,1
Q16775,0.470 ,0.244 ,0.003 ,0.140 ,0.160 ,-0.446 ,0.397 ,1
Q1PDV2,0.325 ,0.390 ,0.352 ,0.343 ,1.030 ,-0.305 ,0.778 ,1
Q21049,0.409 ,0.292 ,0.000 ,0.090 ,2.140 ,0.270 ,0.768 ,1
Q22037,0.385 ,0.220 ,0.211 ,0.393 ,17.120 ,0.516 ,4.424 ,1
Q22053,0.447 ,0.253 ,0.170 ,0.304 ,15.030 ,0.057 ,4.082 ,1
Q24009,0.460 ,0.188 ,0.033 ,0.140 ,4.560 ,0.218 ,1.144 ,1
Q2HJ60,0.398 ,0.226 ,0.114 ,0.416 ,14.060 ,0.506 ,4.812 ,1
Q31Q05,0.461 ,0.258 ,0.000 ,0.087 ,0.400 ,-0.292 ,-0.664 ,1
Q32P51,0.406 ,0.238 ,0.163 ,0.331 ,14.670 ,0.380 ,3.667 ,1
Q3B726,0.422 ,0.296 ,0.263 ,0.077 ,0.020 ,-0.331 ,0.761 ,1
Q3LHL9,0.439 ,0.191 ,0.000 ,0.269 ,2.290 ,0.118 ,0.610 ,1
Q3YL59,0.439 ,0.346 ,0.037 ,0.088 ,#N/A,-0.604 ,0.274 ,1
Q41372,0.564 ,0.117 ,0.000 ,0.000 ,-0.440 ,-0.273 ,0.216 ,1
Q49MI3,0.469 ,0.244 ,0.002 ,0.045 ,-0.050 ,-0.163 ,0.357 ,1
Q4ACU6,0.437 ,0.239 ,0.499 ,0.199 ,3.170 ,-0.080 ,1.383 ,1
Q4G061,0.427 ,0.296 ,0.154 ,0.141 ,0.160 ,-0.309 ,0.767 ,1
Q4QRB4,0.459 ,0.224 ,0.089 ,0.087 ,-0.080 ,-0.192 ,0.480 ,1
Q4Z8K6,0.402 ,0.219 ,0.256 ,0.234 ,4.240 ,0.388 ,1.052 ,1
Q500V5,0.420 ,0.346 ,0.093 ,0.085 ,1.050 ,-0.360 ,0.994 ,1
Q504Q3,0.475 ,0.225 ,0.000 ,0.042 ,0.730 ,-0.256 ,0.658 ,1
Q53R41,0.495 ,0.224 ,0.000 ,0.014 ,-0.280 ,-0.334 ,-0.016 ,1
Q54EQ8,0.437 ,0.140 ,0.000 ,0.227 ,6.690 ,0.788 ,2.272 ,1
Q54VP4,0.382 ,0.322 ,0.000 ,0.055 ,2.520 ,-0.141 ,1.784 ,1
Q58A45,0.475 ,0.171 ,0.021 ,0.135 ,3.880 ,0.025 ,0.789 ,1
Q5A0W9,0.349 ,0.171 ,0.395 ,0.382 ,7.130 ,0.475 ,0.778 ,1
Q5A8T7,0.464 ,0.143 ,0.000 ,0.362 ,2.480 ,-0.035 ,0.307 ,1
Q5ADX8,0.369 ,0.130 ,0.244 ,0.244 ,1.510 ,0.482 ,0.470 ,1
Q5AP80,0.414 ,0.117 ,0.066 ,0.355 ,4.950 ,0.411 ,2.112 ,1
Q5BI67,0.405 ,0.192 ,0.217 ,0.288 ,6.060 ,0.676 ,1.250 ,1
Q5EAX5,0.478 ,0.122 ,0.047 ,0.452 ,5.250 ,0.168 ,1.253 ,1
Q5EWX9,0.446 ,0.166 ,0.048 ,0.187 ,3.560 ,0.135 ,0.416 ,1
Q5FBB7,0.398 ,0.316 ,0.000 ,0.134 ,1.330 ,-0.347 ,0.524 ,1
Q5HYJ3,0.383 ,0.274 ,0.145 ,0.136 ,0.110 ,-0.276 ,0.289 ,1
Q5NBX1,0.417 ,0.236 ,0.197 ,0.106 ,3.310 ,-0.014 ,1.132 ,1
Q5RKG9,0.324 ,0.401 ,0.815 ,0.390 ,5.890 ,-0.181 ,1.947 ,1
Q5RKI1,0.471 ,0.265 ,0.000 ,0.029 ,0.880 ,-0.306 ,0.304 ,1
Q5SU73,0.422 ,0.279 ,0.298 ,0.151 ,2.710 ,-0.176 ,1.321 ,1
Q5T7N2,0.405 ,0.372 ,0.135 ,0.135 ,1.030 ,-0.384 ,1.020 ,1
Q5VSY0,0.367 ,0.361 ,0.363 ,0.085 ,0.330 ,-0.379 ,0.928 ,1
Q5W0Q7,0.448 ,0.220 ,0.000 ,0.056 ,1.330 ,-0.088 ,0.660 ,1
Q5XGN1,0.446 ,0.157 ,0.051 ,0.206 ,3.270 ,0.178 ,1.298 ,1
Q60598,0.375 ,0.321 ,0.090 ,0.077 ,2.080 ,-0.267 ,2.015 ,1
Q60865,0.397 ,0.209 ,0.168 ,0.245 ,6.470 ,0.297 ,0.939 ,1
Q61602,0.421 ,0.185 ,0.035 ,0.117 ,3.070 ,0.168 ,1.200 ,1
Q61686,0.370 ,0.414 ,0.880 ,0.052 ,-0.260 ,-0.558 ,0.593 ,1
Q61937,0.389 ,0.366 ,0.257 ,0.158 ,-0.030 ,-0.368 ,0.973 ,1
Q62074,0.445 ,0.264 ,0.000 ,0.022 ,2.450 ,-0.275 ,0.605 ,1
Q62108,0.449 ,0.267 ,0.000 ,0.000 ,1.240 ,-0.230 ,1.121 ,1
Q62376,0.302 ,0.462 ,0.536 ,0.516 ,3.560 ,-0.301 ,2.671 ,1
Q63531,0.461 ,0.250 ,0.000 ,0.000 ,1.400 ,-0.266 ,0.734 ,1
Q63HN8,0.469 ,0.244 ,0.057 ,0.032 ,1.860 ,-0.051 ,0.967 ,1
Q64337,0.428 ,0.247 ,0.226 ,0.068 ,2.760 ,-0.292 ,0.688 ,1
Q68FF6,0.435 ,0.256 ,0.000 ,0.039 ,1.390 ,-0.178 ,0.384 ,1
Q6DEC7,0.429 ,0.257 ,0.118 ,0.132 ,2.520 ,-0.073 ,1.359 ,1
Q6DH13,0.469 ,0.191 ,0.000 ,0.085 ,0.920 ,-0.233 ,-0.697 ,1
Q6EEV6,0.415 ,0.274 ,1.000 ,0.000 ,#N/A,-0.314 ,0.235 ,1
Q6MZQ0,0.484 ,0.198 ,0.117 ,0.114 ,0.930 ,-0.154 ,-0.044 ,1
Q6NUF4,0.391 ,0.335 ,0.439 ,0.187 ,2.170 ,-0.278 ,0.453 ,1
Q6NV05,0.485 ,0.153 ,0.052 ,0.288 ,0.550 ,0.151 ,0.021 ,1
Q6NZJ6,0.429 ,0.269 ,0.279 ,0.161 ,3.920 ,0.153 ,1.017 ,1
Q6P087,0.480 ,0.208 ,0.000 ,0.037 ,0.930 ,-0.241 ,0.104 ,1
Q6P2E9,0.466 ,0.204 ,0.000 ,0.108 ,1.700 ,-0.046 ,0.390 ,1
Q6P2Q9,0.448 ,0.244 ,0.001 ,0.030 ,0.620 ,-0.136 ,0.860 ,1
Q6P3V8,0.471 ,0.264 ,0.032 ,0.030 ,0.710 ,-0.309 ,0.167 ,1
Q6PBB2,0.427 ,0.254 ,0.000 ,0.122 ,9.300 ,0.195 ,2.473 ,1
Q6PDU1,0.320 ,0.389 ,0.407 ,0.566 ,3.050 ,-0.075 ,1.138 ,1
Q6ZN17,0.401 ,0.264 ,0.360 ,0.092 ,1.050 ,-0.178 ,1.202 ,1
Q6ZRV2,0.434 ,0.247 ,0.277 ,0.159 ,3.440 ,-0.130 ,1.339 ,1
Q6ZRY4,0.472 ,0.182 ,0.000 ,0.153 ,0.440 ,-0.257 ,0.030 ,1
Q6ZWS8,0.473 ,0.259 ,0.000 ,0.045 ,0.430 ,-0.402 ,-0.255 ,1
Q75E28,0.409 ,0.099 ,0.000 ,0.332 ,3.700 ,0.936 ,1.045 ,1
Q7JVY2,0.428 ,0.279 ,0.083 ,0.085 ,2.050 ,-0.203 ,0.029 ,1
Q7KTV5,0.378 ,0.345 ,0.974 ,0.691 ,2.510 ,0.012 ,0.911 ,1
Q7KZ85,0.405 ,0.327 ,0.179 ,0.184 ,3.310 ,0.240 ,1.144 ,1
Q7L014,0.397 ,0.367 ,0.242 ,0.245 ,0.910 ,-0.290 ,1.535 ,1
Q7L8L6,0.488 ,0.207 ,0.000 ,0.013 ,-0.280 ,-0.234 ,0.183 ,1
Q7YU08,0.478 ,0.071 ,0.123 ,0.595 ,5.170 ,0.923 ,0.615 ,1
Q7Z5Q1,0.442 ,0.190 ,0.112 ,0.151 ,5.010 ,0.293 ,0.824 ,1
Q7Z6E9,0.357 ,0.335 ,0.596 ,0.276 ,4.690 ,0.058 ,1.744 ,1
Q7Z6G8,0.438 ,0.234 ,0.034 ,0.071 ,1.840 ,-0.170 ,0.946 ,1
Q7Z739,0.421 ,0.171 ,0.118 ,0.280 ,4.000 ,0.511 ,1.369 ,1
Q7ZTZ4,0.449 ,0.252 ,0.114 ,0.246 ,10.220 ,0.013 ,3.058 ,1
Q7ZUL7,0.459 ,0.190 ,0.000 ,0.045 ,0.890 ,-0.215 ,-0.408 ,1
Q7ZXV8,0.438 ,0.162 ,0.000 ,0.292 ,4.130 ,0.171 ,0.387 ,1
Q80X82,0.480 ,0.243 ,0.079 ,0.041 ,0.760 ,-0.262 ,0.144 ,1
Q80XP8,0.386 ,0.271 ,0.147 ,0.147 ,0.340 ,-0.227 ,0.338 ,1
Q80Z37,0.375 ,0.318 ,0.307 ,0.276 ,2.760 ,-0.173 ,1.191 ,1
Q80ZI1,0.436 ,0.224 ,0.444 ,0.574 ,5.960 ,-0.130 ,0.839 ,1
Q811U3,0.387 ,0.360 ,0.191 ,0.126 ,2.470 ,0.019 ,0.658 ,1
Q86DA5,0.454 ,0.248 ,0.087 ,0.029 ,1.550 ,-0.157 ,0.183 ,1
Q86V81,0.409 ,0.261 ,0.479 ,0.432 ,3.340 ,0.115 ,3.246 ,1
Q86WV6,0.494 ,0.179 ,0.069 ,0.087 ,-0.480 ,-0.242 ,-0.245 ,1
Q86X55,0.495 ,0.150 ,0.000 ,0.095 ,1.510 ,0.113 ,0.646 ,1
Q8AZK7,0.357 ,0.296 ,1.000 ,0.761 ,3.190 ,-0.194 ,2.517 ,1
Q8C6L5,0.412 ,0.327 ,0.219 ,0.116 ,1.430 ,-0.268 ,0.472 ,1
Q8CB77,0.379 ,0.325 ,0.436 ,0.131 ,2.480 ,-0.214 ,1.121 ,1
Q8CCS6,0.408 ,0.288 ,0.325 ,0.401 ,3.680 ,-0.115 ,1.652 ,1
Q8GW31,0.446 ,0.263 ,0.000 ,0.000 ,0.480 ,-0.339 ,0.141 ,1
Q8IU60,0.423 ,0.279 ,0.000 ,0.076 ,0.970 ,0.033 ,0.671 ,1
Q8IUH3,0.448 ,0.250 ,0.011 ,0.032 ,1.360 ,0.032 ,0.825 ,1
Q8IZH2,0.441 ,0.240 ,0.035 ,0.061 ,3.240 ,0.003 ,1.163 ,1
Q8JXF6,0.470 ,0.231 ,0.000 ,0.036 ,1.060 ,-0.239 ,0.520 ,1
Q8K310,0.396 ,0.297 ,0.169 ,0.122 ,2.660 ,0.070 ,1.523 ,1
Q8K3M6,0.382 ,0.355 ,0.025 ,0.136 ,1.680 ,-0.086 ,0.820 ,1
Q8L3W1,0.446 ,0.276 ,0.000 ,0.047 ,0.340 ,-0.322 ,0.370 ,1
Q8L3X8,0.337 ,0.351 ,0.950 ,0.504 ,3.340 ,-0.039 ,2.011 ,1
Q8L4A7,0.475 ,0.230 ,0.000 ,0.000 ,0.010 ,-0.228 ,0.438 ,1
Q8LGS1,0.447 ,0.217 ,0.000 ,0.000 ,0.530 ,-0.291 ,-0.586 ,1
Q8N884,0.426 ,0.293 ,0.180 ,0.128 ,1.270 ,-0.227 ,0.537 ,1
Q8NC56,0.448 ,0.288 ,0.153 ,0.274 ,1.420 ,-0.184 ,0.003 ,1
Q8NC60,0.447 ,0.251 ,0.000 ,0.095 ,4.840 ,-0.281 ,0.676 ,1
Q8NE35,0.437 ,0.178 ,0.162 ,0.181 ,1.860 ,0.307 ,0.547 ,1
Q8NF91,0.431 ,0.291 ,0.000 ,0.053 ,2.310 ,-0.117 ,1.229 ,1
Q8SWR8,0.384 ,0.142 ,0.518 ,0.451 ,5.240 ,0.756 ,1.401 ,1
Q8SXP8,0.403 ,0.175 ,0.034 ,0.224 ,10.370 ,0.538 ,2.574 ,1
Q8T0S6,0.439 ,0.227 ,0.000 ,0.109 ,1.270 ,0.401 ,0.427 ,1
Q8TB72,0.454 ,0.164 ,0.012 ,0.215 ,3.330 ,0.326 ,1.236 ,1
Q8TC44,0.459 ,0.226 ,0.000 ,0.013 ,0.350 ,-0.231 ,0.145 ,1
Q8VI94,0.460 ,0.231 ,0.000 ,0.023 ,-0.240 ,-0.299 ,-0.068 ,1
Q8VY74,0.361 ,0.339 ,0.267 ,0.225 ,1.340 ,-0.183 ,1.525 ,1
Q8WV28,0.395 ,0.259 ,0.603 ,0.081 ,2.370 ,-0.119 ,0.440 ,1
Q8WV60,0.493 ,0.242 ,0.000 ,0.062 ,-1.110 ,-0.324 ,-0.097 ,1
Q8WVM0,0.465 ,0.269 ,0.058 ,0.046 ,-0.760 ,-0.288 ,0.004 ,1
Q8WXF1,0.403 ,0.298 ,0.107 ,0.317 ,5.040 ,0.229 ,1.096 ,1
Q8WYA6,0.439 ,0.332 ,0.112 ,0.037 ,-0.580 ,-0.396 ,0.478 ,1
Q8WYQ5,0.421 ,0.305 ,0.118 ,0.069 ,2.240 ,-0.223 ,1.100 ,1
Q91349,0.481 ,0.124 ,0.002 ,0.322 ,4.080 ,0.138 ,0.517 ,1
Q91820,0.418 ,0.260 ,0.179 ,0.000 ,1.050 ,0.093 ,0.598 ,1
Q91VR7,0.442 ,0.281 ,0.405 ,0.000 ,#N/A,-0.392 ,-0.836 ,1
Q92499,0.456 ,0.253 ,0.000 ,0.055 ,1.240 ,-0.336 ,1.346 ,1
Q92547,0.444 ,0.249 ,0.000 ,0.041 ,1.080 ,-0.167 ,0.774 ,1
Q92598,0.436 ,0.291 ,0.062 ,0.015 ,0.810 ,-0.166 ,0.806 ,1
Q92729,0.463 ,0.213 ,0.000 ,0.035 ,1.650 ,-0.131 ,0.676 ,1
Q92777,0.450 ,0.189 ,0.266 ,0.273 ,3.110 ,0.130 ,0.344 ,1
Q92793,0.423 ,0.163 ,0.080 ,0.242 ,3.670 ,0.693 ,1.121 ,1
Q92804,0.331 ,0.240 ,0.752 ,0.669 ,18.480 ,0.550 ,6.295 ,1
Q92900,0.461 ,0.207 ,0.031 ,0.065 ,3.560 ,0.211 ,1.105 ,1
Q92985,0.459 ,0.209 ,0.000 ,0.177 ,1.130 ,-0.192 ,0.290 ,1
Q93062,0.449 ,0.209 ,0.092 ,0.117 ,0.890 ,-0.278 ,-0.617 ,1
Q95XR4,0.409 ,0.362 ,0.036 ,0.042 ,-1.260 ,-0.255 ,0.082 ,1
Q95YF3,0.474 ,0.240 ,0.000 ,0.000 ,0.100 ,-0.284 ,0.201 ,1
Q969Q1,0.442 ,0.280 ,0.082 ,0.105 ,0.910 ,-0.318 ,-0.107 ,1
Q96C19,0.432 ,0.338 ,0.404 ,0.242 ,0.180 ,-0.322 ,0.550 ,1
Q96CM3,0.465 ,0.218 ,0.000 ,0.029 ,0.260 ,-0.221 ,0.091 ,1
Q96EP5,0.416 ,0.167 ,0.287 ,0.292 ,4.930 ,0.257 ,1.944 ,1
Q96GD4,0.455 ,0.247 ,0.000 ,0.035 ,0.810 ,-0.159 ,0.018 ,1
Q96J94,0.453 ,0.229 ,0.048 ,0.063 ,0.690 ,-0.022 ,0.808 ,1
Q96JC9,0.387 ,0.246 ,0.407 ,0.265 ,3.570 ,0.125 ,0.477 ,1
Q96LT7,0.492 ,0.229 ,0.000 ,0.000 ,0.120 ,-0.305 ,-0.073 ,1
Q96MU7,0.331 ,0.407 ,0.465 ,0.293 ,3.640 ,0.088 ,1.608 ,1
Q96PK6,0.450 ,0.142 ,0.000 ,0.291 ,4.370 ,0.306 ,0.878 ,1
Q96PU8,0.457 ,0.249 ,0.000 ,0.109 ,0.650 ,-0.175 ,-0.033 ,1
Q96PV0,0.432 ,0.235 ,0.193 ,0.156 ,4.830 ,0.138 ,1.303 ,1
Q96RE7,0.450 ,0.209 ,0.013 ,0.097 ,2.000 ,0.032 ,0.494 ,1
Q99459,0.393 ,0.343 ,0.045 ,0.061 ,1.990 ,-0.177 ,0.733 ,1
Q99496,0.423 ,0.253 ,0.000 ,0.000 ,0.740 ,-0.063 ,0.092 ,1
Q99497,0.501 ,0.249 ,0.000 ,0.000 ,0.170 ,-0.425 ,0.324 ,1
Q99567,0.468 ,0.250 ,0.000 ,0.020 ,0.330 ,-0.350 ,0.076 ,1
Q99700,0.408 ,0.162 ,0.432 ,0.314 ,7.030 ,0.490 ,0.898 ,1
Q99729,0.388 ,0.259 ,0.413 ,0.349 ,15.840 ,0.504 ,3.149 ,1
Q99986,0.420 ,0.313 ,0.116 ,0.045 ,0.170 ,-0.406 ,0.996 ,1
Q9A749,0.408 ,0.375 ,0.305 ,0.310 ,3.720 ,-0.337 ,1.258 ,1
Q9A8N4,0.452 ,0.294 ,1.000 ,0.379 ,1.630 ,-0.416 ,-1.338 ,1
Q9BJZ5,0.482 ,0.150 ,0.001 ,0.302 ,2.070 ,0.411 ,0.584 ,1
Q9BP37,0.486 ,0.182 ,0.000 ,0.136 ,#N/A,-0.288 ,-1.275 ,1
Q9BPY3,0.461 ,0.276 ,0.000 ,0.046 ,0.160 ,-0.401 ,0.439 ,1
Q9BU76,0.341 ,0.388 ,1.000 ,0.266 ,0.610 ,-0.308 ,1.697 ,1
Q9BUR4,0.445 ,0.210 ,0.166 ,0.108 ,2.590 ,-0.220 ,0.770 ,1
Q9BX40,0.406 ,0.260 ,0.055 ,0.239 ,3.000 ,0.085 ,1.323 ,1
Q9BYB0,0.439 ,0.239 ,0.508 ,0.215 ,3.520 ,-0.066 ,1.398 ,1
Q9BYJ9,0.418 ,0.175 ,0.129 ,0.193 ,3.270 ,0.292 ,1.362 ,1
Q9C035,0.457 ,0.249 ,0.000 ,0.028 ,1.100 ,-0.222 ,0.044 ,1
Q9CAN3,0.442 ,0.242 ,0.006 ,0.103 ,1.150 ,-0.099 ,0.882 ,1
Q9D415,0.417 ,0.255 ,0.060 ,0.122 ,1.910 ,-0.044 ,0.394 ,1
Q9D8Y0,0.428 ,0.338 ,0.425 ,0.213 ,-0.270 ,-0.309 ,0.463 ,1
Q9EPH8,0.443 ,0.234 ,0.000 ,0.060 ,1.260 ,0.147 ,0.593 ,1
Q9FKW2,0.426 ,0.228 ,0.092 ,0.241 ,2.880 ,-0.138 ,0.154 ,1
Q9FQ04,0.438 ,0.228 ,0.000 ,0.044 ,5.330 ,0.218 ,1.135 ,1
Q9GZQ8,0.454 ,0.288 ,0.176 ,0.000 ,#N/A,-0.408 ,-0.681 ,1
Q9GZU8,0.372 ,0.378 ,0.866 ,0.193 ,1.540 ,-0.297 ,0.979 ,1
Q9GZV5,0.420 ,0.168 ,0.115 ,0.105 ,3.030 ,0.334 ,0.010 ,1
Q9H0L4,0.449 ,0.183 ,0.000 ,0.258 ,5.980 ,0.297 ,1.743 ,1
Q9H171,0.425 ,0.219 ,0.035 ,0.047 ,1.930 ,-0.094 ,0.867 ,1
Q9H244,0.539 ,0.173 ,0.058 ,0.061 ,-0.390 ,-0.361 ,-0.602 ,1
Q9H2X6,0.457 ,0.145 ,0.000 ,0.102 ,1.560 ,0.169 ,0.164 ,1
Q9H840,0.480 ,0.214 ,0.328 ,0.122 ,#N/A,-0.337 ,-0.897 ,1
Q9H9G7,0.464 ,0.222 ,0.000 ,0.000 ,0.610 ,-0.260 ,0.463 ,1
Q9H9J4,0.397 ,0.266 ,0.446 ,0.168 ,2.670 ,0.042 ,1.402 ,1
Q9H9S0,0.406 ,0.161 ,0.180 ,0.141 ,4.310 ,0.122 ,-0.402 ,1
Q9HB58,0.412 ,0.289 ,0.203 ,0.116 ,1.050 ,-0.260 ,0.509 ,1
Q9HC16,0.432 ,0.250 ,0.000 ,0.000 ,-0.340 ,-0.380 ,-0.338 ,1
Q9HCK5,0.461 ,0.213 ,0.000 ,0.017 ,0.570 ,-0.181 ,0.580 ,1
Q9JIR1,0.435 ,0.250 ,0.015 ,0.082 ,2.890 ,-0.163 ,1.016 ,1
Q9JIR4,0.398 ,0.287 ,0.202 ,0.174 ,1.730 ,-0.134 ,1.154 ,1
Q9JJ11,0.442 ,0.282 ,0.000 ,0.059 ,0.880 ,-0.147 ,-0.059 ,1
Q9JJ48,0.360 ,0.357 ,0.469 ,0.180 ,0.450 ,-0.331 ,1.048 ,1
Q9JKK8,0.485 ,0.227 ,0.000 ,0.021 ,1.150 ,-0.252 ,0.554 ,1
Q9JMD0,0.428 ,0.154 ,0.069 ,0.570 ,5.100 ,0.302 ,0.318 ,1
Q9LY75,0.349 ,0.332 ,0.591 ,0.353 ,3.410 ,-0.112 ,2.237 ,1
Q9NP98,0.437 ,0.204 ,0.100 ,0.181 ,4.930 ,0.243 ,2.294 ,1
Q9NQI0,0.440 ,0.246 ,0.262 ,0.061 ,6.770 ,-0.106 ,1.775 ,1
Q9NRR5,0.453 ,0.141 ,0.048 ,0.329 ,3.700 ,0.123 ,0.517 ,1
Q9NS56,0.375 ,0.314 ,0.138 ,0.236 ,2.740 ,-0.162 ,1.165 ,1
Q9NSC5,0.426 ,0.274 ,0.144 ,0.247 ,0.140 ,-0.223 ,0.223 ,1
Q9NUL3,0.422 ,0.240 ,0.075 ,0.082 ,1.520 ,-0.035 ,1.097 ,1
Q9NUQ6,0.399 ,0.281 ,0.000 ,0.023 ,0.710 ,0.139 ,0.923 ,1
Q9NVM6,0.392 ,0.365 ,0.612 ,0.240 ,1.910 ,-0.308 ,0.341 ,1
Q9NWB1,0.441 ,0.164 ,0.156 ,0.169 ,3.110 ,-0.009 ,0.512 ,1
Q9NWZ8,0.381 ,0.281 ,0.000 ,0.050 ,1.080 ,-0.120 ,-0.800 ,1
Q9NX09,0.469 ,0.216 ,0.246 ,0.177 ,3.260 ,-0.342 ,-0.450 ,1
Q9NY26,0.583 ,0.127 ,0.000 ,0.185 ,-0.470 ,-0.289 ,-0.724 ,1
Q9P2I0,0.456 ,0.286 ,0.000 ,0.075 ,0.890 ,-0.313 ,0.628 ,1
Q9P805,0.481 ,0.220 ,0.000 ,0.000 ,#N/A,-0.276 ,-0.497 ,1
Q9PUD9,0.440 ,0.156 ,0.316 ,0.365 ,6.950 ,0.424 ,1.929 ,1
Q9QUH6,0.434 ,0.237 ,0.107 ,0.135 ,4.500 ,0.138 ,1.246 ,1
Q9QY15,0.474 ,0.254 ,0.000 ,0.048 ,0.580 ,-0.192 ,0.263 ,1
Q9QY16,0.474 ,0.255 ,0.000 ,0.046 ,0.380 ,-0.171 ,0.229 ,1
Q9S814,0.494 ,0.184 ,0.000 ,0.106 ,4.220 ,0.052 ,0.921 ,1
Q9SL49,0.410 ,0.292 ,0.057 ,0.081 ,5.700 ,0.083 ,1.204 ,1
Q9SLB9,0.410 ,0.264 ,0.089 ,0.000 ,1.220 ,-0.135 ,0.788 ,1
Q9SNB8,0.443 ,0.278 ,0.000 ,0.022 ,0.740 ,-0.294 ,0.301 ,1
Q9SP32,0.454 ,0.271 ,0.000 ,0.045 ,2.280 ,-0.211 ,1.262 ,1
Q9SX79,0.405 ,0.211 ,0.097 ,0.146 ,4.760 ,0.164 ,1.343 ,1
Q9TXM1,0.406 ,0.239 ,0.043 ,0.104 ,2.460 ,0.176 ,1.131 ,1
Q9TYK1,0.401 ,0.254 ,0.336 ,0.504 ,13.940 ,0.015 ,6.875 ,1
Q9TZL8,0.486 ,0.232 ,0.000 ,0.015 ,1.410 ,-0.208 ,0.687 ,1
Q9TZQ3,0.461 ,0.251 ,0.056 ,0.081 ,9.440 ,0.127 ,1.609 ,1
Q9U2F5,0.402 ,0.237 ,0.127 ,0.214 ,9.570 ,0.561 ,2.798 ,1
Q9U3A0,0.488 ,0.239 ,0.000 ,0.061 ,-0.010 ,-0.225 ,0.322 ,1
Q9UBE8,0.476 ,0.167 ,0.000 ,0.171 ,1.820 ,0.156 ,-0.273 ,1
Q9UBU9,0.433 ,0.267 ,0.092 ,0.090 ,2.650 ,-0.136 ,0.680 ,1
Q9UDY2,0.395 ,0.311 ,0.179 ,0.096 ,2.430 ,-0.180 ,1.497 ,1
Q9UER7,0.406 ,0.300 ,0.481 ,0.212 ,2.210 ,-0.195 ,0.678 ,1
Q9UGR2,0.437 ,0.262 ,0.020 ,0.070 ,1.730 ,-0.210 ,0.766 ,1
Q9UH73,0.465 ,0.169 ,0.000 ,0.052 ,3.370 ,0.215 ,0.693 ,1
Q9UHB7,0.367 ,0.277 ,0.746 ,0.214 ,3.520 ,0.115 ,1.469 ,1
Q9UHD9,0.461 ,0.114 ,0.066 ,0.346 ,3.240 ,0.157 ,0.531 ,1
Q9UHV7,0.456 ,0.201 ,0.000 ,0.081 ,3.730 ,0.195 ,0.816 ,1
Q9UJ70,0.500 ,0.206 ,0.000 ,0.026 ,0.490 ,-0.216 ,0.980 ,1
Q9UKV8,0.460 ,0.221 ,0.000 ,0.016 ,0.910 ,-0.208 ,0.468 ,1
Q9UKX7,0.431 ,0.254 ,0.141 ,0.205 ,3.000 ,-0.091 ,1.451 ,1
Q9UL18,0.463 ,0.223 ,0.000 ,0.000 ,0.430 ,-0.249 ,0.589 ,1
Q9UM54,0.425 ,0.311 ,0.000 ,0.070 ,1.240 ,-0.104 ,1.020 ,1
Q9UMS4,0.481 ,0.202 ,0.000 ,0.022 ,0.440 ,-0.329 ,0.070 ,1
Q9UMX0,0.447 ,0.126 ,0.075 ,0.233 ,2.910 ,0.232 ,0.744 ,1
Q9UN86,0.392 ,0.301 ,0.303 ,0.301 ,2.420 ,-0.147 ,1.530 ,1
Q9UPN3,0.435 ,0.286 ,0.018 ,0.043 ,2.410 ,-0.036 ,1.342 ,1
Q9UPQ9,0.393 ,0.173 ,0.481 ,0.173 ,6.280 ,0.293 ,2.468 ,1
Q9UPU9,0.437 ,0.195 ,0.000 ,0.104 ,2.440 ,0.129 ,0.655 ,1
Q9UQ35,0.349 ,0.287 ,0.799 ,0.517 ,4.280 ,0.108 ,1.376 ,1
Q9V7U0,0.376 ,0.142 ,0.966 ,0.697 ,13.030 ,0.376 ,6.757 ,1
Q9VCH5,0.464 ,0.180 ,0.000 ,0.112 ,4.710 ,0.151 ,1.377 ,1
Q9VD51,0.427 ,0.309 ,0.209 ,0.165 ,-0.130 ,-0.364 ,1.030 ,1
Q9VHG5,0.394 ,0.360 ,0.000 ,0.050 ,0.310 ,-0.428 ,0.283 ,1
Q9VHG6,0.433 ,0.328 ,0.113 ,0.000 ,-0.900 ,-0.402 ,-0.218 ,1
Q9VMA3,0.391 ,0.209 ,0.069 ,0.151 ,2.330 ,0.464 ,1.071 ,1
Q9VNF8,0.470 ,0.193 ,0.000 ,0.036 ,0.330 ,-0.078 ,0.312 ,1
Q9VVI2,0.447 ,0.191 ,0.000 ,0.194 ,5.110 ,0.374 ,1.167 ,1
Q9VVX0,0.438 ,0.245 ,0.029 ,0.082 ,-0.200 ,-0.349 ,-1.121 ,1
Q9VYI0,0.481 ,0.180 ,0.000 ,0.034 ,0.480 ,-0.113 ,0.793 ,1
Q9W1V3,0.451 ,0.218 ,0.163 ,0.291 ,11.680 ,0.213 ,4.705 ,1
Q9W4I7,0.397 ,0.322 ,0.127 ,0.197 ,1.990 ,-0.041 ,0.242 ,1
Q9W4W2,0.480 ,0.225 ,0.000 ,0.042 ,0.740 ,-0.252 ,0.167 ,1
Q9XFR5,0.404 ,0.302 ,0.216 ,0.403 ,1.950 ,-0.138 ,0.587 ,1
Q9Y230,0.474 ,0.279 ,0.000 ,0.037 ,0.260 ,-0.251 ,0.379 ,1
Q9Y265,0.472 ,0.272 ,0.000 ,0.000 ,0.110 ,-0.438 ,0.621 ,1
Q9Y2N7,0.458 ,0.215 ,0.075 ,0.105 ,0.830 ,-0.179 ,0.245 ,1
Q9Y2R9,0.443 ,0.285 ,0.000 ,0.000 ,-0.780 ,-0.377 ,-0.282 ,1
Q9Y2X3,0.444 ,0.336 ,0.149 ,0.161 ,0.020 ,-0.359 ,0.498 ,1
Q9Y3B7,0.488 ,0.276 ,0.083 ,0.073 ,-1.140 ,-0.443 ,0.316 ,1
Q9Y4F3,0.464 ,0.210 ,0.034 ,0.064 ,1.280 ,-0.005 ,0.642 ,1
Q9Y4I1,0.438 ,0.296 ,0.000 ,0.023 ,1.160 ,-0.236 ,0.824 ,1
Q9Y5A9,0.425 ,0.173 ,0.126 ,0.098 ,4.150 ,0.333 ,1.577 ,1
Q9Y6A5,0.420 ,0.267 ,0.459 ,0.066 ,2.760 ,-0.171 ,0.744 ,1
Q9Y6M1,0.455 ,0.232 ,0.022 ,0.065 ,1.560 ,-0.037 ,0.843 ,1
Q9Y6Y0,0.466 ,0.213 ,0.000 ,0.022 ,1.560 ,-0.182 ,0.729 ,1
Q9Z207,0.439 ,0.298 ,0.067 ,0.108 ,3.350 ,0.000 ,0.666 ,1
Q9Z2C8,0.396 ,0.244 ,0.508 ,0.481 ,2.990 ,0.007 ,1.476 ,1
Q9Z340,0.398 ,0.295 ,0.280 ,0.165 ,2.390 ,0.097 ,1.566 ,1
Q9ZN70,0.470 ,0.263 ,0.000 ,0.000 ,-0.090 ,-0.276 ,0.754 ,1
Q9ZVD0,0.367 ,0.324 ,0.321 ,0.207 ,6.800 ,-0.061 ,1.979 ,1
R4GMX3,0.441 ,0.258 ,0.139 ,0.051 ,3.360 ,0.096 ,0.046 ,1
R7KIR7,0.423 ,0.308 ,0.266 ,0.212 ,0.460 ,0.699 ,0.907 ,1
S5DU62,0.443 ,0.257 ,0.069 ,0.029 ,1.160 ,-0.127 ,0.497 ,1
U5QDF4,0.488 ,0.245 ,0.000 ,0.213 ,-1.110 ,-0.402 ,-0.446 ,1
