UniprotEntry,Hydropathy,FCR,IDR,LCR,Pscore,PLAAC,catGRANULE,Score
A0A060CXU7,0.416701607,0.257861635,0.213836478,0.323899371,3.46,-0.081,0.609395,1
A0A060CYI1,0.450694444,0.1425,0.2075,0.4375,4.91,0.308,2.00423,1
A0A096PQM6,0.429104104,0.1996997,0.042042042,0.100600601,3.47,0.125,1.37092,1
A0A096PTJ8,0.41916221,0.219251337,0.072192513,0.176470588,6.49,0.274,2.24471,1
A0A096Q2M8,0.393254968,0.338790932,0.268261965,0.285894207,6.63,0.162,1.62043,1
A0A096QE47,0.463572933,0.183649289,0,0.026066351,3.79,-0.136,1.10547,1
A0A096QLU9,0.478001491,0.158836689,0.123042506,0.436241611,8.01,0.288,2.95401,1
A0A096RF51,0.454662545,0.217928903,0.145285935,0.238021638,9.67,0.243,2.11562,1
A0A096RIV3,0.410318747,0.361426256,0.356564019,0.157212318,0.48,-0.295,0.397981,1
A0A096RMF1,0.416030718,0.237580994,0.144708423,0.11663067,2.21,0.081,0.196957,1
A0A096RQJ0,0.473231497,0.220949264,0.055646481,0.327332242,13.16,0.223,2.79742,1
A0A096RWW7,0.489421894,0.169741697,0,0,1.97,-0.258,0.365424,1
A0A096S452,0.407885746,0.362853629,0.467404674,0.180811808,1,-0.34,1.24305,1
A0A096S6K6,0.472540382,0.202643172,0.147577093,0.301762115,5.22,0.242,1.97532,1
A0A096SSY4,0.460637768,0.221973094,0.082959641,0.060538117,0.68,-0.204,0.542239,1
A0A096SVP6,0.439487439,0.159332322,0.098634294,0.273141123,3.23,0.335,0.458014,1
A0A096TDW4,0.426965066,0.124454148,0,0.370087336,4.59,0.538,1.55102,1
A0A0B4J337,0.454781997,0.256329114,0,0,-0.01,-0.358,0.00173156,1
A0A0B4J3A7,0.477805078,0.26044226,0,0,0.38,-0.29,0.236538,1
A0A1D6DSQ4,0.464284167,0.230019493,0,0,0.46,-0.2,0.038372,1
A0A1D6DSQ8,0.449731801,0.135632184,0.229885057,0.177011494,2.53,0.166,1.08262,1
A0A1D6DTV9,0.447300422,0.171358629,0.017135863,0.164014688,2.08,0.293,0.547026,1
A0A1D6DVG1,0.461545894,0.241304348,0.110869565,0.106521739,0.32,-0.07,0.723155,1
A0A1D6DVJ8,0.502795248,0.235849057,0,0.100628931,0.15,-0.343,0.450434,1
A0A1D6DVK7,0.512837539,0.22310757,0,0.059760956,0.44,-0.343,0.564341,1
A0A1D6DW35,0.457834758,0.215811966,0,0.094017094,3.75,-0.236,0.630075,1
A0A1D6DX46,0.450649189,0.201123596,0.043820225,0.073033708,3.33,0.24,0.973463,1
A0A1D6DYK5,0.434771825,0.147321429,0.207589286,0.294642857,6,0.491,1.00556,1
A0A1D6DZF2,0.468029595,0.22546729,0,0.054906542,1.3,-0.119,0.890724,1
A0A1D6E0J9,0.453628983,0.165757906,0.043620502,0.07742639,6.09,0.21,1.3828,1
A0A1D6E2V0,0.4459843,0.212862319,0.096014493,0.126811594,6.06,0.214,1.36208,1
A0A1D6E560,0.453375087,0.192066806,0,0.03131524,4.54,0.201,0.934634,1
A0A1D6E6L1,0.459645535,0.200920245,0,0.110429448,2.74,0.274,1.01817,1
A0A1D6E923,0.489916963,0.195729537,0,0.170818505,0.06,-0.16,0.296995,1
A0A1D6E9M8,0.483553792,0.248015873,0,0.021825397,-0.35,-0.285,0.35198,1
A0A1D6ECI8,0.381216931,0.378306878,0.492063492,0.555555556,4.32,0.093,1.18548,1
A0A1D6EEP6,0.46465576,0.22392638,0,0,0.8,-0.172,0.148783,1
A0A1D6EFK8,0.481150404,0.175834971,0.197445972,0.192534381,6.55,0.31,0.50506,1
A0A1D6EFV2,0.450434262,0.156334232,0.053908356,0.083557951,5.29,0.159,1.59214,1
A0A1D6EFY2,0.476697531,0.236111111,0.298611111,0.409722222,-2.08,-0.334,0.204406,1
A0A1D6EHI0,0.468556999,0.245454545,0.075324675,0.051948052,1.21,-0.278,0.235574,1
A0A1D6EHT1,0.446779661,0.274576271,0.086440678,0.047457627,1.22,-0.308,0.771785,1
A0A1D6EHU0,0.421819402,0.211480363,0.32326284,0.341389728,3.43,0.439,0.540786,1
A0A1D6EI19,0.478752437,0.166666667,0,0.188596491,2.31,-0.041,-0.514077,1
A0A1D6EIH7,0.414470795,0.286561265,0.239130435,0.179841897,2.03,0.15,1.58305,1
A0A1D6EK63,0.420968908,0.249457701,0.114967462,0.071583514,2.01,-0.016,1.17303,1
A0A1D6ELA3,0.416491228,0.231578947,0.671052632,0.389473684,3.66,-0.052,0.456054,1
A0A1D6ELH4,0.453211009,0.21559633,0,0.174311927,3.44,0.354,1.20213,1
A0A1D6ELI3,0.42115992,0.158914729,0.087855297,0.254521964,8.91,0.464,1.78017,1
A0A1D6ELK2,0.476539683,0.265714286,0,0.048571429,0.23,-0.278,-0.210482,1
A0A1D6ELQ4,0.461588818,0.262738854,0.00955414,0.060509554,0.62,-0.273,0.660623,1
A0A1D6EN44,0.484571833,0.197452229,0,0,-0.06,-0.314,0.649825,1
A0A1D6ENX1,0.442561205,0.089265537,0,0.240677966,3.44,1.112,0.540769,1
A0A1D6ERI0,0.499081365,0.19816273,0,0.014435696,0.01,-0.192,0.318248,1
A0A1D6ERI6,0.458438155,0.160377358,0,0.172169811,4.95,0.23,1.25383,1
A0A1D6ETC9,0.37473414,0.405940594,1,0.323432343,0.15,-0.471,0.713059,1
A0A1D6ETQ1,0.494883619,0.241106719,0,0.205533597,0.88,-0.348,0.214795,1
A0A1D6EU55,0.420688889,0.142,0.43,0.434,9.13,0.258,2.14973,1
A0A1D6EUD2,0.430634573,0.234135667,0.0404814,0.261487965,8.9,0.273,1.63835,1
A0A1D6EWL2,0.457718579,0.264344262,0.159836066,0.06352459,-0.07,-0.304,0.670228,1
A0A1D6EWN6,0.431591547,0.26448737,0.237741456,0.102526003,2.94,0.088,0.958206,1
A0A1D6EWY9,0.342353909,0.324444444,0.539259259,0.201481481,2.74,-0.113,1.25855,1
A0A1D6EX30,0.399201964,0.134438306,0.160220994,0.329650092,3.64,0.664,0.828698,1
A0A1D6EX60,0.448463102,0.24219591,0.05489774,0.053821313,4.82,-0.037,1.07334,1
A0A1D6EXV2,0.414889494,0.229972752,0.179836512,0.121525886,4.55,0.275,1.48043,1
A0A1D6EY10,0.461866667,0.149333333,0.026666667,0.389333333,3.4,0.007,0.356848,1
A0A1D6EZ75,0.417539378,0.298850575,0.915708812,0.279693487,0.77,-0.22,0.423742,1
A0A1D6EZQ5,0.444191919,0.181818182,0,0.068181818,5.53,0.17,2.66307,1
A0A1D6F071,0.451738762,0.236641221,0.077862595,0.105343511,4.03,0.176,0.716147,1
A0A1D6F0V1,0.442116013,0.259191176,0,0.023897059,1.2,0.011,0.415378,1
A0A1D6F2G1,0.448642439,0.221804511,0.110902256,0.110902256,3.55,0.179,0.275775,1
A0A1D6F2G7,0.442550641,0.297734628,0.087378641,0.111111111,0.05,-0.15,0.366372,1
A0A1D6F2M8,0.461370178,0.125388601,0,0.206217617,6.02,0.133,1.09025,1
A0A1D6F2S1,0.476832546,0.170975813,0,0.078398666,2.74,0.232,0.377611,1
A0A1D6F342,0.42872807,0.328947368,0.513157895,0.289473684,-0.8,-0.49,0.504815,1
A0A1D6F6G2,0.363581405,0.409005629,0.583489681,0.264540338,4.46,-0.362,1.36694,1
A0A1D6F8C9,0.41341874,0.167036216,0.192165558,0.299334812,10.93,0.63,2.26047,1
A0A1D6F8K4,0.45706613,0.216012085,0.16163142,0.235649547,8.99,0.212,2.08831,1
A0A1D6F8Q1,0.385977111,0.348109518,0.40547588,0.316818774,3.3,-0.247,1.07518,1
A0A1D6F8R0,0.448898787,0.184855234,0,0.086859688,6.07,0.167,2.58064,1
A0A1D6F8R6,0.503527981,0.21350365,0,0.180656934,0.01,-0.285,-0.0423252,1
A0A1D6F8W7,0.404716435,0.283854167,0.130208333,0.2578125,5.33,-0.077,2.75638,1
A0A1D6F9L1,0.419448698,0.211332312,0.058192956,0.081163859,6.85,0.141,1.51021,1
A0A1D6FA03,0.441473228,0.194986072,0,0.038997214,2.76,-0.087,0.852711,1
A0A1D6FA14,0.442502855,0.311306902,0,0.135095448,-0.79,-0.308,0.365718,1
A0A1D6FBG5,0.394369572,0.288409704,0.323450135,0.221024259,2.82,0.03,1.12512,1
A0A1D6FEM3,0.40530754,0.200892857,0.205357143,0.595982143,14.4,0.275,4.62008,1
A0A1D6FEX0,0.434794885,0.2122571,0.152466368,0.100149477,6.35,0.301,1.2258,1
A0A1D6FF90,0.384770115,0.362068966,0.577586207,0.137931034,0.56,-0.42,0.861843,1
A0A1D6FH10,0.439651416,0.272727273,0.072192513,0.175579323,1.64,-0.062,0.873441,1
A0A1D6FJS8,0.469684499,0.265432099,0,0,0.48,-0.326,0.522277,1
A0A1D6FJU5,0.45699246,0.298335467,0,0.222791293,0.82,-0.278,0.711932,1
A0A1D6FL68,0.463648966,0.254318618,0.044145873,0.12571977,-0.22,-0.199,0.709923,1
A0A1D6FL73,0.452209596,0.232954545,0.017045455,0.170454545,2.25,0.042,0.618983,1
A0A1D6FMK3,0.450342633,0.18722467,0.050660793,0.088105727,2.2,0.336,0.942883,1
A0A1D6FQX1,0.448208149,0.160530191,0.278350515,0.400589102,6.78,0.144,1.00022,1
A0A1D6FRT4,0.42354395,0.186653772,0.058994197,0.109284333,3.7,0.429,0.969379,1
A0A1D6FSF0,0.463383085,0.205970149,0.137313433,0.041791045,0.25,-0.186,0.291196,1
A0A1D6FT87,0.408733974,0.221153846,0.117788462,0.420673077,1.11,0.359,-0.00527636,1
A0A1D6FUE3,0.444398417,0.290803645,0.33968517,0.249378625,1.92,-0.17,1.20864,1
A0A1D6FUU3,0.426802721,0.297959184,0.265306122,0.114285714,3.39,-0.277,0.908579,1
A0A1D6FVH3,0.349802761,0.328402367,0.298816568,0.189349112,4.49,-0.121,1.64309,1
A0A1D6FVZ8,0.461411909,0.188950276,0.002209945,0.102762431,3.35,0.088,1.36491,1
A0A1D6FW13,0.483724914,0.226872247,0,0,0.6,-0.308,0.160953,1
A0A1D6FWE3,0.445557561,0.203068592,0.142599278,0.138086643,8.03,0.325,1.55403,1
A0A1D6FWM8,0.43065677,0.204453441,0.29757085,0.226720648,3.15,0.09,0.622594,1
A0A1D6FWR6,0.447938009,0.288416076,0.075650118,0.082742317,-0.14,-0.438,0.215465,1
A0A1D6FZC1,0.458316361,0.207739308,0.042769857,0.034623218,2.5,-0.164,0.262135,1
A0A1D6G0S0,0.34894822,0.357605178,0.588996764,0.124595469,4.76,0.084,1.94142,1
A0A1D6G0W4,0.494087666,0.25,0.098623853,0.169724771,0.93,-0.356,-0.379604,1
A0A1D6G3G4,0.393998926,0.274396135,0.093719807,0.12173913,4.13,-0.033,1.89864,1
A0A1D6G420,0.484952085,0.174825175,0,0.051282051,0.37,-0.161,0.0466214,1
A0A1D6G432,0.374856429,0.285393258,0.262921348,0.604494382,4.37,-0.026,0.90639,1
A0A1D6G4R3,0.448888889,0.180645161,0,0.152688172,4.02,0.379,1.26085,1
A0A1D6G4R4,0.444256121,0.17433414,0,0.104116223,4.02,0.379,1.11431,1
A0A1D6G576,0.438237053,0.296017223,0.252960172,0.264800861,1.3,-0.24,1.29548,1
A0A1D6G698,0.384615385,0.210526316,0.261133603,0.111336032,2.88,0.118,1.13465,1
A0A1D6G6M1,0.452471566,0.177165354,0.133858268,0.269685039,8.31,0.351,0.649759,1
A0A1D6G7M7,0.475261438,0.108823529,0,0.035294118,3.98,0.298,0.777797,1
A0A1D6G850,0.502883454,0.091032609,0.050271739,0.544836957,3.63,0.002,0.111947,1
A0A1D6GD47,0.425136612,0.316939891,0.224043716,0.12295082,1.67,-0.338,0.426388,1
A0A1D6GDY8,0.460253542,0.244295302,0.08590604,0.159731544,7.79,-0.088,1.24419,1
A0A1D6GG02,0.410418332,0.29736211,0.20383693,0.143884892,2.51,-0.157,1.56131,1
A0A1D6GG78,0.452332196,0.249146758,0.119453925,0.112627986,1.02,-0.16,0.769188,1
A0A1D6GGX8,0.484261975,0.214076246,0,0.190615836,2.94,-0.164,0.787843,1
A0A1D6GII0,0.419335937,0.228515625,0,0.138671875,8.37,0.386,1.33275,1
A0A1D6GIJ5,0.351489028,0.357366771,0.652821317,0.103448276,3.88,0.032,2.37086,1
A0A1D6GJW7,0.370624049,0.363013699,0.255707763,0.214611872,2.29,-0.303,0.798739,1
A0A1D6GKH5,0.346659521,0.353697749,0.379421222,0.424437299,6.93,-0.078,4.36296,1
A0A1D6GL81,0.260185185,0.518518519,1,0.777777778,,-0.828,3.34759,1
A0A1D6GLH1,0.447491185,0.25630594,0.041497152,0.064279902,2.46,-0.089,1.16852,1
A0A1D6GLL3,0.438576019,0.188736682,0.068493151,0.225266362,4.14,0.253,0.983967,1
A0A1D6GLR4,0.481682938,0.230125523,0,0.033472803,-0.52,-0.294,-0.21504,1
A0A1D6GLX4,0.352084397,0.413476263,0.799387443,0.272588055,0.84,-0.355,2.11028,1
A0A1D6GMG7,0.483200641,0.192879676,0.059486255,0.081117621,2.79,0.243,0.599381,1
A0A1D6GN00,0.433451537,0.276595745,0.195035461,0.173758865,0.45,-0.291,0.521297,1
A0A1D6GNU8,0.424645692,0.24872449,0,0.05994898,5.07,-0.046,0.984882,1
A0A1D6GNW3,0.427389665,0.221556886,0,0.05988024,5.08,-0.051,0.755417,1
A0A1D6GNW6,0.455644343,0.23173516,0.100456621,0.152968037,4.02,0.294,0.309671,1
A0A1D6GP79,0.42258487,0.241160471,0.368993654,0.248413418,3.22,0.179,0.850718,1
A0A1D6GPP6,0.420009221,0.151452282,0.321576763,0.39626556,11.16,0.365,4.32898,1
A0A1D6GQA5,0.456703991,0.218346253,0,0.025839793,1.26,-0.147,1.01873,1
A0A1D6GRJ8,0.406514503,0.320970043,0.239657632,0.19828816,4.26,-0.058,1.36457,1
A0A1D6GSC7,0.321174377,0.391459075,0.387900356,0.291814947,2.76,-0.113,1.99735,1
A0A1D6GTL4,0.378875714,0.355731225,0.458498024,0,0.71,-0.271,0.569177,1
A0A1D6GTL5,0.41186158,0.305816135,0,0.08630394,2.25,-0.209,0.929684,1
A0A1D6GU19,0.451032764,0.189102564,0,0.221153846,2.21,-0.018,0.186861,1
A0A1D6GUH3,0.440524609,0.220159151,0.108753316,0.076923077,1.33,-0.136,0.489084,1
A0A1D6GVM8,0.464016149,0.254344392,0,0.14849921,1.44,-0.266,0.831279,1
A0A1D6GW86,0.377996399,0.311342593,0.375,0.106481481,2.73,-0.16,1.29756,1
A0A1D6GWG3,0.435626102,0.198412698,0.26984127,0.365079365,6.33,0.115,0.634894,1
A0A1D6GWH3,0.405541838,0.251851852,0.162962963,0.301234568,4.89,-0.049,1.19411,1
A0A1D6GWT5,0.41912402,0.221576763,0.080497925,0.048962656,4.11,0.206,1.28707,1
A0A1D6GX81,0.438295812,0.218954248,0.023965142,0.0708061,2.01,-0.027,1.04093,1
A0A1D6GXA0,0.369933523,0.391452991,0.579487179,0.252991453,2.3,-0.172,1.14157,1
A0A1D6GXR8,0.470970479,0.223677032,0.037643208,0.1167485,2.95,-0.065,1.04001,1
A0A1D6GXW0,0.429952587,0.3283859,0,0.111317254,0.89,-0.303,0.730783,1
A0A1D6GXY1,0.441956328,0.163770053,0.138368984,0.163770053,3.79,0.276,1.43081,1
A0A1D6GY72,0.488818005,0.244019139,0,0.059011164,-0.1,-0.292,0.208245,1
A0A1D6GYM8,0.450990991,0.278764479,0,0.094980695,1.27,-0.234,1.16983,1
A0A1D6GZE7,0.48162768,0.260964912,0,0.063596491,0.33,-0.256,0.418531,1
A0A1D6GZU7,0.460906999,0.271877088,0.046760187,0.181028724,1.65,-0.218,0.82646,1
A0A1D6GZZ1,0.480155501,0.240846216,0,0.019528072,0.95,-0.249,0.929798,1
A0A1D6H019,0.423333333,0.210465116,0,0.034883721,2.96,0.375,1.01698,1
A0A1D6H1J1,0.318865741,0.421875,1,0.34375,1.16,-0.327,1.87611,1
A0A1D6H2D4,0.396803812,0.335774059,0.321129707,0.179916318,2.65,-0.285,1.72761,1
A0A1D6H2V8,0.447833454,0.254901961,0.021786492,0,0.33,-0.302,0.735096,1
A0A1D6H3F1,0.36607166,0.314318976,0.641443539,0.403958091,4.78,-0.011,1.60828,1
A0A1D6H5B6,0.476330749,0.260465116,0,0.539534884,-0.78,-0.31,-0.609672,1
A0A1D6H5K1,0.414687862,0.272727273,0.298062593,0.318926975,4.79,-0.129,0.531262,1
A0A1D6H6U5,0.439192924,0.213930348,0.28358209,0.164179104,3.07,-0.039,0.949826,1
A0A1D6H726,0.414309535,0.24420191,0.122783083,0.165075034,4.37,-0.109,1.23447,1
A0A1D6H7I7,0.357311719,0.401215805,0,0.267477204,0.62,-0.395,1.34148,1
A0A1D6H885,0.427156713,0.228177642,0,0.091883614,3.91,0.269,1.10375,1
A0A1D6H9K4,0.494463277,0.189830508,0,0.172881356,0.65,-0.012,0.762474,1
A0A1D6HA56,0.461169183,0.139372822,0.236933798,0.397212544,1.24,0.231,-0.623639,1
A0A1D6HB20,0.456821378,0.181434599,0,0.202531646,4.33,0.184,1.00167,1
A0A1D6HC32,0.370722222,0.395,1,0.285,3.4,-0.386,0.682855,1
A0A1D6HCG5,0.41942848,0.313218391,0.360632184,0.173850575,2.21,-0.316,0.802251,1
A0A1D6HD72,0.42212806,0.313559322,0.237288136,0,,-0.45,-0.237942,1
A0A1D6HD78,0.397260274,0.273972603,1,0,,-0.387,-1.01371,1
A0A1D6HE33,0.355844156,0.438961039,0.688311688,0.467532468,0.4,-0.39,1.14868,1
A0A1D6HE80,0.466369204,0.262992126,0,0.062992126,0.59,-0.215,0.788464,1
A0A1D6HHL9,0.448196015,0.290791599,0,0.040387722,1.41,-0.255,0.477861,1
A0A1D6HI41,0.479130435,0.142028986,0,0.055072464,3.21,0.234,0.651916,1
A0A1D6HIT1,0.469970951,0.215686275,0,0.065359477,1.23,-0.112,0.312644,1
A0A1D6HIY0,0.406751438,0.341961853,0.303814714,0.215258856,1.16,-0.241,1.27074,1
A0A1D6HJQ5,0.436807818,0.27795874,0.077090119,0.058631922,5.9,-0.166,1.22617,1
A0A1D6HKR9,0.419671558,0.135220126,0.226415094,0.22327044,3.82,0.334,1.50807,1
A0A1D6HML9,0.43365512,0.229131175,0,0.036626917,2.53,0.119,1.16846,1
A0A1D6HMW8,0.446934866,0.275862069,0,0.465517241,3.19,-0.291,0.867838,1
A0A1D6HN31,0.440811966,0.250565611,0.294117647,0.113122172,3.66,-0.029,1.30339,1
A0A1D6HP12,0.453811841,0.147810219,0.082116788,0.297445255,2.52,0.121,0.0386334,1
A0A1D6HPP4,0.448944444,0.184,0.009,0.014,2.26,0.201,1.47274,1
A0A1D6HPW4,0.471776589,0.192513369,0.090909091,0.139037433,2.96,0.155,0.9149,1
A0A1D6HS02,0.416572943,0.233856894,0.096567772,0.114601513,2.98,0.269,1.5181,1
A0A1D6HSW2,0.478836834,0.210016155,0.075928918,0.08723748,1.08,-0.2,0.986401,1
A0A1D6HSW7,0.285630153,0.586572438,1,0.575971731,0.58,-0.654,3.37711,1
A0A1D6HT10,0.431643431,0.155893536,0.285171103,0.596958175,4.45,0.309,0.736321,1
A0A1D6HT66,0.420491029,0.222379603,0.043909348,0.117563739,6.28,0.158,1.82299,1
A0A1D6HTK0,0.365484634,0.290780142,0.54751773,0.256737589,4.27,-0.002,2.4578,1
A0A1D6HUV1,0.514001502,0.209459459,0,0.112612613,-0.19,-0.338,0.491779,1
A0A1D6HUY7,0.450049603,0.178571429,0,0.095982143,6.23,0.178,2.67812,1
A0A1D6HUZ6,0.456620718,0.17481203,0,0.031954887,5.56,0.205,2.47257,1
A0A1D6HVR1,0.483834423,0.224836601,0,0.125490196,0.89,-0.209,0.648779,1
A0A1D6HWM8,0.493346842,0.200607903,0,0,0.05,-0.337,0.686416,1
A0A1D6HXC3,0.471165192,0.17920354,0,0.044247788,4.35,0.064,0.263556,1
A0A1D6HXK3,0.580895692,0.102040816,0,0.214285714,-0.42,-0.329,-0.822409,1
A0A1D6HXX3,0.444369213,0.2453125,0.0078125,0.10625,3.05,0.067,1.04359,1
A0A1D6HYC6,0.398466566,0.299773756,0.165158371,0.207013575,3.59,0.102,1.63224,1
A0A1D6HYG7,0.389598109,0.279497099,0.127659574,0.100580271,4.1,-0.006,1.96788,1
A0A1D6HYZ7,0.458002224,0.225659691,0.031847134,0.013648772,1.17,-0.215,1.31595,1
A0A1D6I0G1,0.453743225,0.211890244,0,0.143292683,3.28,0.414,1.20098,1
A0A1D6I196,0.461808786,0.263565891,0.080620155,0.080620155,1.38,-0.279,0.659495,1
A0A1D6I1K5,0.435781544,0.195361285,0.045495094,0.099018733,3.11,0.159,1.01128,1
A0A1D6I2K3,0.415234645,0.355590062,0.25621118,0.141304348,0.82,-0.288,0.324684,1
A0A1D6I409,0.467097121,0.159806295,0.113801453,0.152542373,2.26,0.075,-0.259865,1
A0A1D6I5Q3,0.4418566,0.155982906,0.237179487,0.354700855,3.64,0.379,0.0369018,1
A0A1D6I6Y0,0.481553166,0.2,0,0.109677419,1.04,-0.262,0.898761,1
A0A1D6I774,0.416695906,0.265789474,0,0,3.01,-0.113,0.801892,1
A0A1D6I8M3,0.462895623,0.242424242,0,0,0.81,-0.251,0.650152,1
A0A1D6I8U5,0.452540185,0.181626188,0.073917635,0.060190074,3.44,0.275,1.18239,1
A0A1D6I8V3,0.417387387,0.224324324,0.337837838,0.372972973,2.19,0.331,0.914214,1
A0A1D6I9U9,0.481879812,0.256463289,0,0.076525336,0.56,-0.323,0.515368,1
A0A1D6IAU4,0.43892944,0.277372263,0.386861314,0.138686131,,-0.305,1.28725,1
A0A1D6IB58,0.429566655,0.229543039,0.015940489,0.226354942,8.16,0.392,1.51598,1
A0A1D6IC38,0.455956427,0.185098039,0.06745098,0.081568627,4.27,0.276,1.20017,1
A0A1D6ICF3,0.505174405,0.19022869,0.044698545,0.122661123,1.79,-0.314,0.31993,1
A0A1D6ID94,0.449190939,0.243797195,0.0399137,0.037756203,4.55,-0.031,1.09446,1
A0A1D6IDW4,0.349791577,0.433376455,0.582147477,0.23156533,2.26,-0.235,1.53027,1
A0A1D6IEV2,0.42092257,0.232839099,0.094453597,0.119714443,4.69,0.292,1.4494,1
A0A1D6IF29,0.398696742,0.323308271,0.407518797,0.338345865,1.65,-0.201,0.794802,1
A0A1D6IHB6,0.409354906,0.167392657,0.345364032,0.319228376,3.34,0.407,1.47993,1
A0A1D6II08,0.455658246,0.175600739,0,0.06284658,4.77,0.194,2.56548,1
A0A1D6IK73,0.343350831,0.393700787,0.24015748,0.421259843,1.36,-0.312,0.866253,1
A0A1D6IKL2,0.414074074,0.313333333,0.4,0.106666667,1.24,-0.388,0.16948,1
A0A1D6IKP8,0.4360587,0.320754717,0.25728988,0.221269297,0.16,-0.384,0.780721,1
A0A1D6IKS9,0.423333333,0.170769231,0.101538462,0.064615385,4.06,0.265,1.12676,1
A0A1D6IKY1,0.375308642,0.381944444,0.701388889,0.104166667,1.3,-0.467,0.154354,1
A0A1D6IL59,0.443754461,0.293361884,0.064239829,0.101713062,-0.08,-0.147,0.268163,1
A0A1D6ILG9,0.468626298,0.174603175,0,0.085537919,2.62,0.351,0.453195,1
A0A1D6ILU0,0.456855101,0.159356725,0,0.093567251,2.72,0.351,0.10654,1
A0A1D6ILX8,0.429924852,0.309178744,0.016908213,0.157004831,1.87,-0.423,1.21637,1
A0A1D6IM44,0.474166667,0.257142857,0,0.160714286,0.29,-0.303,0.0858429,1
A0A1D6IMH7,0.429413424,0.228426396,0,0.030456853,0.92,-0.274,0.930533,1
A0A1D6INR0,0.43219697,0.208333333,0,0.079545455,3.14,0.031,1.29942,1
A0A1D6INS6,0.453954695,0.177107062,0.021070615,0.166856492,11.03,0.291,1.84424,1
A0A1D6IP08,0.518965517,0.057471264,0.114942529,0.887931034,10.67,0.199,11.958,1
A0A1D6IPF6,0.492077069,0.191290824,0.032659409,0.081648523,1.01,-0.116,0.170199,1
A0A1D6IPR4,0.419753086,0.153535354,0.218181818,0.353535354,10.14,0.302,1.64304,1
A0A1D6ITS1,0.441824752,0.25203252,0.504065041,0,,-0.307,1.68974,1
A0A1D6IU95,0.491764706,0.252941176,0,0,-1.21,-0.381,-0.806694,1
A0A1D6IUH6,0.42590464,0.216475096,0.172413793,0.166666667,3.13,0.051,1.31999,1
A0A1D6IX34,0.467917727,0.219465649,0,0.078244275,1.66,-0.069,0.579403,1
A0A1D6J1U1,0.451394091,0.277153558,0.235955056,0.101123596,3.5,-0.277,0.456152,1
A0A1D6J201,0.399406277,0.374045802,0.692111959,0.302798982,1.34,-0.466,0.98498,1
A0A1D6J2U7,0.396340652,0.182634731,0.655688623,0.305389222,8.29,0.238,1.10707,1
A0A1D6J727,0.477199504,0.234200743,0,0.241635688,-0.15,-0.333,-0.0647374,1
A0A1D6J8F5,0.438036449,0.227513228,0.169312169,0.174603175,1.47,-0.2,0.898434,1
A0A1D6J8L6,0.446508931,0.162839248,0.096033403,0.392484342,3.78,0.563,0.476653,1
A0A1D6J8M9,0.402122777,0.30636833,0.592082616,0.21686747,4.62,-0.25,1.61907,1
A0A1D6J9R4,0.458997955,0.200920245,0,0.11196319,2.2,0.269,0.966569,1
A0A1D6JAY4,0.4025,0.395,1,0.31,-0.32,-0.544,-0.150188,1
A0A1D6JBF2,0.476970826,0.223463687,0,0.162011173,0.63,-0.353,-1.01027,1
A0A1D6JBG2,0.398748436,0.321652065,0.292866083,0.304130163,6.48,0.189,1.75459,1
A0A1D6JCG6,0.441145833,0.21875,0.129595588,0.151654412,8.31,0.201,1.47089,1
A0A1D6JD07,0.445025295,0.295109612,0.07925801,0.011804384,1.76,-0.235,0.626236,1
A0A1D6JDV6,0.471306471,0.198901099,0.037362637,0.186813187,2.43,-0.011,0.350951,1
A0A1D6JGE5,0.462876053,0.283393502,0.296028881,0.24368231,0.29,-0.337,0.745093,1
A0A1D6JHR4,0.458987508,0.166863905,0,0.095857988,1.83,0.361,0.438346,1
A0A1D6JIH1,0.474807481,0.207920792,0,0.03960396,-0.04,-0.438,-0.435307,1
A0A1D6JJ33,0.468831169,0.262987013,0.048701299,0.227272727,1.15,-0.079,-0.263197,1
A0A1D6JJP2,0.493516255,0.197229014,0,0.040749796,1.56,-0.052,0.56622,1
A0A1D6JKW7,0.435154827,0.360655738,1,0.207650273,0.84,-0.611,-0.453897,1
A0A1D6JMR5,0.441537075,0.237322515,0,0,1.14,-0.171,0.370717,1
A0A1D6JNR0,0.372524752,0.304455446,0.40470297,0.100247525,4.16,0.043,2.0174,1
A0A1D6JP01,0.497138047,0.125,0,0.329545455,2.42,0.062,-0.671388,1
A0A1D6JP38,0.425847516,0.183063512,0.080946451,0.195516812,4.56,0.202,1.182,1
A0A1D6JPN3,0.460329218,0.27037037,0.140740741,0,-0.19,-0.422,0.131157,1
A0A1D6JR08,0.420959596,0.265151515,0,0.143939394,1.59,0.075,-0.6124,1
A0A1D6JR19,0.386308364,0.302422723,0.291562239,0.108604845,3.18,-0.086,2.0475,1
A0A1D6JRD5,0.461222222,0.235,0,0.0975,1.68,0.17,0.194033,1
A0A1D6JT74,0.414077834,0.185786802,0.343147208,0.152284264,5.27,0.298,1.21706,1
A0A1D6JTG8,0.442664456,0.295522388,0.169154229,0.104477612,1.98,-0.18,1.22441,1
A0A1D6JTN5,0.467237932,0.223650386,0,0.041131105,1.14,-0.218,1.08858,1
A0A1D6JVL9,0.479613527,0.269565217,0,0.147826087,,-0.448,0.0605392,1
A0A1D6JWI8,0.487999499,0.1578354,0,0.042841037,2.12,-0.109,0.9437,1
A0A1D6JX87,0.403703704,0.291666667,1,0.354166667,,-0.422,0.405071,1
A0A1D6JXC6,0.469502949,0.226621735,0.068239259,0.066554339,2.14,-0.122,0.958189,1
A0A1D6JXF4,0.427707454,0.310126582,0.664556962,0.291139241,0.95,-0.487,0.179086,1
A0A1D6JXU1,0.312460142,0.386313466,0.720750552,0.434878587,4.83,-0.084,1.73233,1
A0A1D6JY27,0.364665952,0.250803859,0.353697749,0.109324759,6.28,0.101,1.25254,1
A0A1D6JYJ1,0.429508737,0.28189911,0.056379822,0.163204748,4.29,-0.118,1.20175,1
A0A1D6K0I4,0.466943456,0.241992883,0.03024911,0.078291815,0.9,-0.149,0.19583,1
A0A1D6K1A3,0.465828092,0.20754717,0,0.1278826,0.37,-0.12,0.083997,1
A0A1D6K1B9,0.433547597,0.225895317,0,0.077134986,1.47,-0.308,1.53232,1
A0A1D6K2U2,0.37034632,0.305194805,0.772727273,0.519480519,1,0.263,0.45638,1
A0A1D6K329,0.434180457,0.324468085,0.193262411,0.120567376,-0.68,-0.349,1.10741,1
A0A1D6K377,0.442096742,0.31147541,0.149362477,0.140255009,-0.07,-0.319,1.01871,1
A0A1D6K3W5,0.348662132,0.318367347,0.420408163,0.359183673,4.52,-0.182,1.0003,1
A0A1D6K4D6,0.45077282,0.112860892,0.097112861,0.11023622,3.47,0.289,0.775494,1
A0A1D6K4K6,0.4221048,0.287978864,0.355350066,0.183619551,0.51,-0.139,0.583405,1
A0A1D6K4P0,0.454802036,0.266508031,0.063057704,0.02379536,0.71,-0.119,0.709596,1
A0A1D6K4U4,0.47828717,0.209169054,0,0.040114613,1.5,-0.243,0.649498,1
A0A1D6K525,0.418208282,0.24095941,0.319188192,0.125830258,3.63,0.09,1.77186,1
A0A1D6K627,0.485686977,0.247311828,0,0.023655914,0.68,-0.382,-0.430145,1
A0A1D6K8P9,0.483234127,0.216517857,0.002232143,0.138392857,1.57,-0.062,0.418155,1
A0A1D6K8W1,0.446545053,0.281094527,0,0,0.52,-0.274,0.285103,1
A0A1D6K8X5,0.470243205,0.244635193,0.103004292,0.266094421,-1.1,-0.242,-0.279647,1
A0A1D6KD20,0.430140485,0.244252874,0.08045977,0.313218391,6.82,0.081,2.99385,1
A0A1D6KDE7,0.388171327,0.23701731,0.325565912,0.056591212,5.2,0.128,1.99793,1
A0A1D6KE50,0.38166215,0.292682927,0.197831978,0.257452575,2.56,-0.143,1.0556,1
A0A1D6KEB0,0.414735883,0.298360656,0.070491803,0.014754098,2.31,-0.108,1.02296,1
A0A1D6KHX5,0.375710594,0.340116279,0,0.369186047,2.21,-0.139,0.990191,1
A0A1D6KHZ8,0.372484985,0.231418919,0.334459459,0.518581081,8.43,0.341,2.67817,1
A0A1D6KHZ9,0.373284862,0.251677852,0.384228188,0.558724832,10.42,0.295,2.93774,1
A0A1D6KI98,0.439279279,0.194594595,0,0.051351351,1.08,0.096,0.837438,1
A0A1D6KJ69,0.421328567,0.168900804,0,0.08847185,5.48,0.19,1.13579,1
A0A1D6KJQ7,0.396498599,0.222689076,0.537815126,0.12605042,3.14,-0.026,1.17659,1
A0A1D6KKC7,0.457398874,0.193548387,0,0.052227343,1.84,-0.174,0.564586,1
A0A1D6KKU1,0.403850129,0.244186047,0.220930233,0.237209302,5.55,0.09,1.20365,1
A0A1D6KKX7,0.418207885,0.219354839,0.584946237,0.378494624,2.25,0.203,0.538989,1
A0A1D6KL25,0.46384127,0.18,0.134285714,0.277142857,0.79,0.028,0.556174,1
A0A1D6KLM4,0.409902597,0.357142857,0,0.108766234,1.36,-0.337,1.27838,1
A0A1D6KMU0,0.434920635,0.210445469,0.001536098,0.01843318,4.66,0.161,1.251,1
A0A1D6KP60,0.456856093,0.272264631,0.244274809,0.180661578,1.57,-0.234,0.209617,1
A0A1D6KPZ4,0.406823028,0.320895522,0.429637527,0.319829424,2.1,0.139,0.699158,1
A0A1D6KRZ6,0.464364813,0.231802912,0,0.132138858,2.46,0.218,0.264226,1
A0A1D6KS21,0.431783453,0.21611002,0,0.053045187,5.11,-0.016,0.807462,1
A0A1D6KS26,0.435296524,0.242944785,0,0.033128834,5.11,-0.016,0.96817,1
A0A1D6KTS3,0.372873264,0.346354167,0.669270833,0.440104167,10.84,0.001,2.01705,1
A0A1D6KUS0,0.379910213,0.335578002,0.332210999,0.362514029,5.81,0.055,1.40996,1
A0A1D6KWH6,0.428694969,0.306603774,0.083726415,0.173349057,1.81,-0.008,0.931791,1
A0A1D6KWP0,0.364553816,0.418344519,0.574944072,0.212527964,0.48,-0.277,1.64536,1
A0A1D6KXM9,0.455716586,0.217391304,0.086956522,0.053830228,1.33,-0.235,0.417142,1
A0A1D6KYA0,0.483309807,0.191772535,0,0.082274652,1.82,0.252,0.740699,1
A0A1D6KYR9,0.409938272,0.363888889,0.106944444,0.116666667,0.33,-0.441,0.490374,1
A0A1D6L113,0.356474723,0.381995134,0.510948905,0.277372263,3.48,-0.206,1.29638,1
A0A1D6L1P7,0.440781108,0.27520436,0.108991826,0.038147139,-0.02,-0.159,0.703814,1
A0A1D6L2S4,0.350310342,0.356412274,0.724626279,0.121164437,5.27,0.077,2.45339,1
A0A1D6L365,0.445033113,0.166887417,0,0.276821192,2.66,0.134,1.80546,1
A0A1D6L4B1,0.443601896,0.276461295,0.156398104,0.088467615,0.87,-0.228,0.880857,1
A0A1D6L4J9,0.48730911,0.199052133,0,0.161137441,0.12,-0.231,-0.545997,1
A0A1D6L7E9,0.403858364,0.272527473,0.569230769,0.296703297,5.29,-0.093,1.66241,1
A0A1D6L8S2,0.422649573,0.288461538,0.303846154,0.176923077,2,-0.162,-0.221182,1
A0A1D6LAB7,0.458471661,0.246298789,0.082099596,0.191117093,8.21,-0.078,1.42435,1
A0A1D6LAC2,0.487080103,0.238372093,0,0.156976744,-1.32,-0.395,-0.298825,1
A0A1D6LBZ6,0.456791841,0.264255911,0.065368567,0.273991655,3.06,-0.281,0.205353,1
A0A1D6LCL9,0.408040111,0.294117647,0.475423046,0.128122482,3.54,0.106,1.06922,1
A0A1D6LDM1,0.443619048,0.257142857,0,0.114285714,0.68,-0.28,0.693457,1
A0A1D6LET0,0.415640575,0.319261214,0.35883905,0.183377309,3.05,-0.255,0.921598,1
A0A1D6LEU6,0.370114226,0.371962617,0.295327103,0.089719626,1.71,-0.307,1.03286,1
A0A1D6LH19,0.399695354,0.292460015,0.13175933,0.091393755,3.46,0.033,1.88809,1
A0A1D6LH46,0.428586839,0.276699029,0,0,3.61,-0.256,1.27181,1
A0A1D6LH52,0.355046421,0.320754717,0.320754717,0.412398922,8.55,0.023,2.18564,1
A0A1D6LHB1,0.478133903,0.211538462,0,0.092948718,0.98,-0.217,1.3883,1
A0A1D6LHK9,0.468648266,0.27388535,0.363057325,0.445859873,-0.36,-0.33,1.42808,1
A0A1D6LIA5,0.45455952,0.199303742,0.01740644,0.178416014,7.38,0.253,1.29018,1
A0A1D6LIQ6,0.445843621,0.198148148,0.203703704,0.138888889,3.11,0.117,0.321907,1
A0A1D6LIU5,0.511910331,0.215789474,0,0.08245614,1.38,-0.324,0.39705,1
A0A1D6LIX0,0.43657695,0.22515528,0.01863354,0.031055901,1.99,0.01,1.1156,1
A0A1D6LIX2,0.460571479,0.174363057,0.043789809,0.064490446,1.54,0.275,1.05262,1
A0A1D6LJ43,0.440328253,0.214536928,0,0.022274326,2.59,0.025,1.41142,1
A0A1D6LJE6,0.430119527,0.177277717,0.252469813,0.080680571,4.04,0.214,1.57962,1
A0A1D6LKY3,0.466278166,0.192307692,0.192307692,0.174825175,3.05,-0.156,0.0041002,1
A0A1D6LLV7,0.441660667,0.24838013,0,0.151187905,1.38,-0.202,0.758374,1
A0A1D6LN57,0.365387016,0.379213483,0.601123596,0.095505618,0.02,-0.328,0.935891,1
A0A1D6LNQ8,0.386118936,0.304225352,0.246478873,0.254929577,7.75,0.015,1.87271,1
A0A1D6LPA2,0.464153988,0.226141079,0.091286307,0.130705394,2.99,-0.251,0.924424,1
A0A1D6LPD2,0.348993659,0.389578164,0.337468983,0.131513648,2.72,-0.226,1.30899,1
A0A1D6LPN0,0.401253649,0.234930448,0.170015456,0.374034003,5.76,0.415,2.32847,1
A0A1D6LPW0,0.439024758,0.264945652,0.047554348,0.105978261,1.75,-0.196,0.987838,1
A0A1D6LSW2,0.383808096,0.343328336,0.274362819,0.224887556,5.06,0.234,1.96833,1
A0A1D6LTK1,0.445585586,0.245945946,0.087837838,0.094594595,2.72,0.028,1.10591,1
A0A1D6LUI6,0.44676274,0.19924812,0,0.02443609,1.09,-0.035,1.05772,1
A0A1D6LUQ3,0.41249354,0.168604651,0.069767442,0.140697674,2.94,0.35,1.22398,1
A0A1D6LUR9,0.421458793,0.22102649,0.181291391,0.057119205,5.1,0.202,1.33717,1
A0A1D6LUW6,0.432179487,0.315384615,0.103846154,0.163461538,4.3,0.129,1.80363,1
A0A1D6LWT4,0.430280766,0.249016006,0.077669903,0.075833115,2.28,0.033,1.57146,1
A0A1D6LX93,0.448553033,0.30167264,0.146356033,0.086618877,1.5,-0.234,0.976877,1
A0A1D6LXW1,0.452098408,0.163531114,0,0.179450072,3.04,0.176,0.908089,1
A0A1D6LZP8,0.465458937,0.242753623,0,0.057971014,1.73,-0.332,0.75594,1
A0A1D6M1E8,0.448245614,0.179824561,0.057017544,0.114035088,3.26,0.39,0.991187,1
A0A1D6M1U0,0.425406108,0.286549708,0,0.17251462,1.56,-0.21,0.510973,1
A0A1D6M1Z5,0.468385379,0.213507625,0.047930283,0.098039216,1.36,-0.12,0.853071,1
A0A1D6M2D7,0.357916432,0.372681282,0.512647555,0.192242833,3.17,-0.239,1.33801,1
A0A1D6M2S2,0.501276703,0.211604096,0,0.042093288,-0.08,-0.269,0.00888649,1
A0A1D6M3E5,0.433899371,0.279245283,0.149056604,0.205660377,5.31,-0.025,1.60483,1
A0A1D6M4R7,0.430601093,0.218579235,0,0,2.71,0.014,0.484935,1
A0A1D6M6G4,0.43327044,0.181132075,0.064150943,0.018867925,2.82,0.303,0.203033,1
A0A1D6M6G5,0.4388735,0.257617729,0.088642659,0,1.55,-0.146,0.0572558,1
A0A1D6M6T9,0.468503214,0.195592287,0.121212121,0.044077135,0.68,-0.119,0.460611,1
A0A1D6MAI6,0.402996032,0.369642857,0.430357143,0.298214286,0.01,-0.272,0.684636,1
A0A1D6MAW1,0.389231522,0.255506608,0.34948605,0.205580029,3.94,0.112,2.2655,1
A0A1D6MBI9,0.492875678,0.195329087,0.029723992,0.138004246,0.16,-0.269,0.446269,1
A0A1D6MBR1,0.482665915,0.235194585,0,0.010152284,-0.19,-0.257,0.361046,1
A0A1D6MBV0,0.436799441,0.288050314,0.100628931,0.197484277,1.06,-0.092,0.659626,1
A0A1D6MC13,0.460294118,0.279411765,0,0.019607843,0.08,-0.327,0.509863,1
A0A1D6MC82,0.443005355,0.334337349,0.180722892,0.11746988,0.2,-0.408,0.56212,1
A0A1D6MCY5,0.466232247,0.269172932,0.001503759,0.145864662,0.55,-0.331,0.703438,1
A0A1D6ME97,0.491691105,0.225806452,0,0.061583578,0.52,-0.304,-0.140599,1
A0A1D6MEC8,0.416057586,0.362956811,0,0.098837209,0.93,-0.344,1.15823,1
A0A1D6MFR6,0.503686597,0.171670516,0,0.073903002,1.47,0.175,0.619065,1
A0A1D6MFT1,0.421070461,0.365853659,0.256097561,0.237804878,-0.76,-0.302,-0.0147999,1
A0A1D6MFX8,0.445369382,0.247598719,0.071504803,0.132337247,1.99,-0.254,0.44011,1
A0A1D6MIA3,0.474917492,0.237623762,0,0.013861386,1.16,-0.371,0.551763,1
A0A1D6MK45,0.432126049,0.316758748,0.053406998,0.093922652,0.57,-0.213,1.41851,1
A0A1D6MKP9,0.405384323,0.345890411,0,0.188356164,-0.04,-0.275,0.300458,1
A0A1D6MKY7,0.401486355,0.160087719,0.315789474,0.515350877,12.65,0.359,6.37614,1
A0A1D6MN42,0.526954733,0.19047619,0.007936508,0.28042328,1.5,-0.263,-1.22542,1
A0A1D6MNC6,0.432732269,0.163833076,0.307573416,0.395672334,8.45,0.162,1.37538,1
A0A1D6MNH6,0.436033453,0.204301075,0.15483871,0.08172043,3.8,0.163,0.884108,1
A0A1D6MPT4,0.432028401,0.322970639,0.243523316,0.207253886,0.8,-0.384,0.792172,1
A0A1D6MQC3,0.450815636,0.243767313,0.08033241,0.030470914,0.11,-0.221,-0.102097,1
A0A1D6MSB1,0.460227447,0.248962656,0.145228216,0.102351314,1.58,-0.099,0.166997,1
A0A1D6MUR6,0.4745004,0.211031175,0,0.141486811,0.16,-0.309,0.154386,1
A0A1D6MV33,0.507961413,0.223849372,0,0.093096234,-0.27,-0.303,0.605343,1
A0A1D6MX19,0.391307233,0.228268082,0.234240212,0.071001991,5.21,0.144,1.93525,1
A0A1D6MXZ7,0.42865049,0.203065134,0.237547893,0.513409962,13.88,0.353,5.0136,1
A0A1D6MZP0,0.436804326,0.243362832,0.05840708,0.043362832,2.61,-0.084,1.24212,1
A0A1D6MZQ6,0.422429907,0.221183801,0.161993769,0.364485981,3.46,0.408,0.704238,1
A0A1D6N276,0.458290066,0.15576324,0.012461059,0.46105919,4.11,0.241,1.14087,1
A0A1D6N296,0.429963297,0.291291291,0.066066066,0.129129129,3.89,-0.121,0.770086,1
A0A1D6N2M1,0.389393393,0.345945946,0.130810811,0.136216216,2.68,-0.258,0.816496,1
A0A1D6N2N7,0.359096946,0.396414343,0.599601594,0.314741036,0.23,-0.339,1.76098,1
A0A1D6N330,0.478813559,0.228813559,0,0,-0.33,-0.363,0.113107,1
A0A1D6N382,0.436149871,0.160465116,0.106976744,0.097674419,2.03,0.25,0.193379,1
A0A1D6N3L6,0.455886451,0.221003135,0,0.195924765,5.99,0.124,1.24556,1
A0A1D6N3N6,0.388231149,0.209302326,0.063424947,0.501057082,5.61,0.177,4.05177,1
A0A1D6N431,0.476666667,0.215384615,0.661538462,0.584615385,,-0.176,-0.136058,1
A0A1D6N4L0,0.440130172,0.238493724,0,0.030125523,2.77,-0.08,1.20956,1
A0A1D6N5B6,0.439362912,0.23890785,0.116040956,0.14334471,0.69,-0.175,0.115508,1
A0A1D6N6H1,0.478398345,0.234042553,0,0,1.21,-0.325,0.351343,1
A0A1D6N726,0.435018128,0.284069098,0.084452975,0.061420345,0.57,-0.359,0.307695,1
A0A1D6N836,0.447231154,0.170418006,0.067524116,0.123794212,1.37,0.305,0.25485,1
A0A1D6N8W7,0.425945196,0.219562955,0.044745057,0.225806452,6.06,0.478,1.12311,1
A0A1D6NAK5,0.45475906,0.19474313,0,0.136200717,2.4,0.073,1.06713,1
A0A1D6ND84,0.418275812,0.217562254,0,0,3.98,0.273,1.39093,1
A0A1D6NDF4,0.487799835,0.183622829,0,0.186104218,2.8,-0.105,1.02157,1
A0A1D6NE68,0.394373402,0.355498721,0.319693095,0.127877238,-0.59,-0.454,0.919556,1
A0A1D6NET2,0.476408597,0.224794623,0.02240478,0.046303211,1.04,-0.033,0.309034,1
A0A1D6NFS5,0.429975309,0.214814815,0.082962963,0.063703704,5.27,-0.003,1.32855,1
A0A1D6NFV3,0.451623228,0.271604938,0.288065844,0.436213992,-0.16,-0.186,-0.842828,1
A0A1D6NGY8,0.409576066,0.320987654,0.032333921,0.020576132,-0.51,-0.253,0.606438,1
A0A1D6NI30,0.420311714,0.114027149,0,0.225339367,3.12,0.617,1.11392,1
A0A1D6NJH5,0.479316239,0.127692308,0.029230769,0.069230769,1.85,0.321,0.74689,1
A0A1D6NKQ5,0.456776397,0.257684761,0,0.03793329,0.89,-0.177,0.741516,1
A0A1D6NLC1,0.455354994,0.303249097,0.203971119,0.214801444,0.54,-0.252,0.18941,1
A0A1D6NLC5,0.510538373,0.175257732,0,0.230927835,2.06,-0.116,1.37349,1
A0A1D6NLX5,0.440327738,0.194244604,0.095323741,0.170863309,8.44,0.378,0.846063,1
A0A1D6NM62,0.482085932,0.183991684,0.059251559,0.087318087,3.62,0.236,0.519206,1
A0A1D6NMB1,0.457199682,0.245823389,0.076372315,0.307875895,0.76,-0.134,-0.216625,1
A0A1D6NMC0,0.454065657,0.202272727,0,0.061363636,1.91,-0.202,-0.120082,1
A0A1D6NMP6,0.387240233,0.302992519,0.35286783,0.246882793,4.5,-0.146,1.46044,1
A0A1D6NN32,0.488120104,0.242819843,0,0.031331593,1.65,-0.294,0.618902,1
A0A1D6NNI2,0.371350324,0.346076459,0.38832998,0.235412475,2.73,0.296,1.01749,1
A0A1D6NNQ8,0.37184662,0.342078708,0.2209889,0.203834511,2.87,0.278,1.03709,1
A0A1D6NP19,0.459776602,0.124867725,0.06031746,0.2,5.58,0.178,1.18633,1
A0A1D6NP46,0.42702999,0.214235377,0,0.066948555,4.15,0.17,1.12478,1
A0A1D6NRA8,0.437385907,0.276013143,0.069003286,0.106243154,6.36,-0.139,1.12002,1
A0A1D6NTB3,0.420668455,0.230382294,0.001006036,0.070422535,5.12,0.037,1.38735,1
A0A1D6NTG8,0.433971292,0.277511962,0,0.224880383,2.96,-0.178,0.979295,1
A0A1D6NUW0,0.458209627,0.174089069,0.279352227,0.186234818,5.58,0.157,0.996316,1
A0A1D6NVH3,0.494561228,0.192192192,0,0.162162162,1.59,-0.202,0.35644,1
A0A1D6NVQ7,0.454116292,0.20984456,0.007772021,0.015544041,1.92,-0.17,0.864571,1
A0A1D6NVR3,0.45442097,0.232394366,0.01056338,0,1.14,-0.28,0.571611,1
A0A1D6NVZ3,0.483501684,0.242424242,0,0,-0.05,-0.487,-0.263115,1
A0A1D6NWE4,0.423479319,0.215328467,0.270072993,0.200729927,2.35,0.2,1.39036,1
A0A1D6NZ16,0.435833936,0.32483731,0.221258134,0.072125813,0.95,-0.304,1.27863,1
A0A1D6NZL0,0.398306657,0.192066806,0.542797495,0.123173278,4.19,0.193,0.244705,1
A0A1D6P0G3,0.441253307,0.172619048,0.044642857,0.174107143,3.35,0.362,0.500061,1
A0A1D6P149,0.422089314,0.251196172,0.23923445,0.43062201,9.47,0.35,3.62031,1
A0A1D6P1C9,0.383187135,0.349415205,0.33625731,0.206871345,5.29,0.196,1.81628,1
A0A1D6P368,0.433119315,0.21187801,0.057784912,0.048154093,1.51,0.035,0.912891,1
A0A1D6P3B9,0.480524345,0.242083759,0.062308478,0.053115424,1.85,-0.289,0.546993,1
A0A1D6P3G6,0.449788407,0.186005314,0,0.078830824,2.22,0.178,1.24901,1
A0A1D6P5H9,0.441308793,0.220858896,0,0,-0.16,-0.223,0.513701,1
A0A1D6P5I6,0.462407407,0.233333333,0,0.116666667,1.83,-0.252,0.762066,1
A0A1D6P665,0.43423332,0.238733252,0.338002436,0.09683313,2.7,0.003,1.43154,1
A0A1D6P6V1,0.437665854,0.225832656,0.125101543,0.107229894,2.06,-0.06,1.31456,1
A0A1D6P6Y6,0.450966576,0.164227642,0.06504065,0.169105691,2.86,-0.014,1.2313,1
A0A1D6P7I1,0.478304371,0.180094787,0,0,-1.13,-0.095,0.0834252,1
A0A1D6P9I1,0.508612975,0.231543624,0,0.231543624,2.23,-0.356,-0.815679,1
A0A1D6PBQ1,0.432232232,0.261261261,0,0,0.74,-0.333,0.617595,1
A0A1D6PGE3,0.509222498,0.219602978,0,0.029776675,-0.74,-0.019,-0.0209257,1
A0A1D6PIA1,0.412266965,0.261744966,0.112416107,0.05704698,3.97,0.126,1.11532,1
A0A1D6PIT5,0.448317783,0.253180662,0,0.058524173,0.62,-0.083,0.724037,1
A0A1D6PJM7,0.462776446,0.258992806,0,0.028776978,0.92,-0.321,0.196352,1
A0A1D6PJM8,0.397404372,0.325819672,0.335040984,0.043032787,2.06,-0.157,1.20219,1
A0A1D6PK71,0.429261364,0.180397727,0.154829545,0.194602273,4.69,0.232,1.07396,1
A0A1D6PKL9,0.381433692,0.193548387,0,0.516129032,14.69,0.403,4.05373,1
A0A1D6PKZ8,0.417973856,0.273109244,0.415966387,0.268907563,0.9,0.015,0.221787,1
A0A1D6PL32,0.416168279,0.248021108,0,0.055408971,2.15,-0.096,0.877737,1
A0A1D6PN12,0.336458333,0.336805556,0.336805556,0.274305556,2.8,-0.045,1.7944,1
A0A1D6PN67,0.411135231,0.168596237,0.417510854,0.314761216,12.88,0.719,2.42072,1
A0A1D6PRX9,0.392845528,0.173170732,0.248780488,0.234146341,6.76,0.565,2.35517,1
A0A1D6PTV9,0.485507246,0.149068323,0,0.189440994,2.47,0.007,-0.172503,1
A0A1D6PW39,0.404359903,0.322826087,0.304347826,0.055434783,1.84,0.08,1.53134,1
A0A1D6PWN2,0.370516022,0.374531835,0.271535581,0.112359551,1.61,-0.307,0.982725,1
A0A1D6PXP7,0.400035958,0.181229773,0.080906149,0.090614887,5.74,0.231,1.38009,1
A0A1D6PXT6,0.449084596,0.1875,0,0.036931818,3.33,0.111,1.29344,1
A0A1D6PZY0,0.41057739,0.277292576,0.010917031,0,2.46,-0.053,1.04024,1
A0A1D6Q0L8,0.413319313,0.271293375,0.293375394,0.151419558,2.34,-0.096,0.952374,1
A0A1D6Q0Q2,0.485895997,0.249158249,0,0,0.79,-0.33,0.091789,1
A0A1D6Q122,0.39840558,0.326233184,0.487668161,0.295964126,3.61,0.195,0.741336,1
A0A1D6Q1I4,0.464139247,0.145922747,0.103004292,0.053648069,1.78,0.24,0.204667,1
A0A1D6Q1I5,0.466972693,0.144067797,0.101694915,0.052966102,1.69,0.24,0.249753,1
A0A1D6Q3B8,0.396296296,0.290976059,0.20626151,0.134438306,3.27,-0.149,1.21498,1
A0A1D6Q3W2,0.397354497,0.273809524,1,0,,-0.362,-0.269846,1
A0A1D6Q549,0.453858025,0.231837607,0,0.050213675,3.32,-0.012,0.745502,1
A0A1D6Q5T3,0.438548318,0.216475096,0.109195402,0.101532567,0.16,0.686,0.476522,1
A0A1D6Q5Y2,0.432364934,0.290519878,0.155963303,0.148318043,4.07,-0.061,0.761151,1
A0A1D6Q7M9,0.490561529,0.247311828,0,0,-0.15,-0.383,0.224776,1
A0A1D6Q9K7,0.415137437,0.268292683,0.331010453,0.128919861,1.41,-0.227,0.67044,1
A0A1D6Q9Q2,0.454180064,0.237942122,0.054662379,0.194533762,7.89,0.056,2.14316,1
A0A1D6QAN9,0.439820566,0.161490683,0.291925466,0.211180124,3.42,0.086,1.20484,1
A0A1D6QEB7,0.40089717,0.314699793,0.229813665,0.149068323,0.84,-0.035,0.675619,1
A0A1D6QEM1,0.420946502,0.355555556,0.225925926,0.122222222,0.86,-0.425,0.491583,1
A0A1D6QEM2,0.431407533,0.189464741,0,0.112149533,5.34,0.209,1.08984,1
A0A1D6QF82,0.439433551,0.253393665,0.054298643,0.268476621,5.41,-0.142,1.08619,1
A0A1D6QGI9,0.452072968,0.114427861,0.2960199,0.485074627,3.41,0.079,-0.0971797,1
A0A1D6QID2,0.456230816,0.151381215,0.028729282,0.08839779,2.7,0.145,1.42599,1
A0A1D6QJ59,0.362147595,0.347014925,0.164179104,0.414179104,1.89,-0.168,0.760269,1
A0A1D6QK59,0.441611037,0.189586115,0,0.054739653,1.3,0.109,0.950054,1
A0A1D6QKG3,0.443058824,0.192941176,0,0.291764706,0.73,0.289,0.071141,1
A0A1D6QKL9,0.416496599,0.239795918,0.459183673,0.448979592,6.37,0.068,4.96133,1
A0A1D6QL43,0.493031526,0.229238754,0.038927336,0.126297578,1.82,-0.269,0.100071,1
A0A1D6QLL1,0.425774278,0.234645669,0,0.105511811,1.94,0.327,1.1951,1
A0A1D6QMZ5,0.444607245,0.091575092,0.282051282,0.450549451,2.76,0.213,-0.280529,1
A0A1D6QP33,0.436819172,0.22745098,0.082352941,0.296078431,10.71,0.315,3.65761,1
A0A1D6QQA9,0.413117066,0.186177715,0.165021157,0.055007052,6.27,0.233,0.924375,1
A0A1D6QQV7,0.361383776,0.380368098,0,0.22392638,1.12,-0.404,1.14142,1
A0A1D6QQX6,0.362393162,0.321123321,0.564102564,0.395604396,3.52,0.011,1.67336,1
A0A1D6QR35,0.468128655,0.249427918,0,0.053775744,0.68,-0.253,0.858951,1
A0A1D6QRT7,0.455100715,0.263157895,0.076023392,0.116959064,0.18,-0.346,-0.257561,1
A0A1D6QTH3,0.482188109,0.260964912,0,0.046052632,0.07,-0.287,0.393342,1
A0A1D6QTY2,0.391697778,0.296,1,0.0544,3.46,-0.235,0.921467,1
A0A1D6QUN3,0.442278904,0.161543492,0.100065402,0.136690647,3.5,0.216,1.42623,1
A0A1D6QV04,0.41208166,0.222891566,0,0.487951807,16.2,0.573,2.59394,1
A0A1Q0ZFB6,0.430149634,0.219197708,0.118911175,0.233524355,4.68,0.176,1.00589,1
A0A1Q1BKB5,0.431882885,0.237401336,0.3047966,0.094717668,2.78,0.005,1.49244,1
A0A1X7YE51,0.432337379,0.280112045,0.086834734,0.131652661,0.79,-0.348,0.46904,1
A6YRS1,0.40653884,0.256637168,0.21460177,0.110619469,2.16,0.036,1.21155,1
A6YSL1,0.450814815,0.260952381,0,0.102857143,0.55,-0.271,-0.215644,1
B4F7S5,0.43442348,0.316981132,0.033962264,0.226415094,1.13,-0.182,0.518749,1
B4F7X6,0.449600581,0.202614379,0.104575163,0.062091503,3,-0.114,1.72282,1
B4F7Z5,0.355687308,0.316205534,0.335968379,0.616600791,3.87,-0.002,1.03273,1
B4F7Z7,0.411417625,0.344827586,0,0,-1.44,-0.596,-0.886967,1
B4F808,0.432815611,0.229390681,0.082437276,0.05734767,1.86,-0.06,0.769466,1
B4F845,0.4186652,0.353135314,0.247524752,0.270627063,0.4,-0.465,0.290771,1
B4F8C1,0.457215447,0.158536585,0,0.323170732,4.11,0.17,0.0552629,1
B4F8E1,0.336204147,0.339712919,0.492822967,0.354066986,2.63,-0.062,1.24437,1
B4F8M1,0.385363248,0.185897436,1,0.282051282,9.39,0.251,1.44043,1
B4F906,0.453970613,0.32243685,0,0.127786033,0.39,-0.418,0.269715,1
B4F937,0.424697907,0.206896552,0.278514589,0.111405836,3.94,-0.001,0.219418,1
B4F946,0.461098683,0.214765101,0.07606264,0.089485459,0.65,-0.158,0.527227,1
B4F957,0.330769231,0.267904509,1,0.347480106,7.07,0.048,3.97466,1
B4F9J1,0.476269621,0.156509695,0,0.058171745,3.8,-0.028,1.32384,1
B4F9K2,0.447901981,0.208459215,0.145015106,0.480362538,6.5,0.241,2.47464,1
B4F9M6,0.401175523,0.11884058,0.592753623,0.385507246,7.6,0.436,2.52207,1
B4F9N8,0.389150607,0.325481799,0.271948608,0.205567452,5.56,0.136,2.15086,1
B4F9U9,0.428447421,0.185267857,0,0.323660714,3.79,0.15,1.1869,1
B4F9V3,0.319416611,0.424849699,0.78757515,0.450901804,1.78,-0.221,1.44722,1
B4F9X6,0.461581921,0.171912833,0,0.053268765,2.14,-0.046,1.0455,1
B4FA01,0.432048654,0.221402214,0.071340713,0.116851169,3.56,0.308,1.03423,1
B4FAC2,0.480766284,0.234482759,0.262068966,0.282758621,-0.81,-0.299,-0.13828,1
B4FAF0,0.469687368,0.233840304,0,0.02661597,0.39,-0.345,0.598384,1
B4FAI7,0.392475941,0.330708661,0.434645669,0.31023622,1.21,-0.196,0.895004,1
B4FAJ9,0.493706093,0.169032258,0,0.041290323,2.85,-0.18,1.03781,1
B4FAP0,0.440531728,0.169300226,0.090293454,0.047404063,3.12,0.045,0.781815,1
B4FAZ3,0.42605042,0.159663866,0.12605042,0.238095238,2.36,0.193,0.563884,1
B4FB73,0.422432432,0.216216216,0,0.105405405,3.77,0.223,1.65009,1
B4FBF6,0.503571429,0.168831169,0,0.100649351,0.49,-0.14,0.469988,1
B4FBF9,0.369007407,0.306666667,0.992,0.394666667,2.47,0.021,1.29798,1
B4FBI0,0.430355955,0.214071856,0.049401198,0.160179641,3.07,0.058,1.21701,1
B4FBI4,0.416328829,0.185810811,0.194256757,0.065878378,3.4,0.223,1.4483,1
B4FBN5,0.495274102,0.196597353,0,0.149338374,2.87,-0.091,0.783335,1
B4FCB3,0.473220686,0.228110599,0,0,0.44,-0.396,0.234724,1
B4FCC2,0.366143231,0.314775161,0.147751606,0,2.28,-0.024,0.95948,1
B4FCH2,0.433088235,0.308823529,0.455882353,0,,-0.425,-0.530004,1
B4FCK9,0.435042735,0.338461538,0.676923077,0.253846154,,-0.561,0.88744,1
B4FCS1,0.369237473,0.364705882,0.145098039,0.192156863,4.54,-0.094,1.16532,1
B4FCX1,0.438973707,0.351145038,0.114503817,0.091603053,0.11,-0.631,0.354757,1
B4FD87,0.39006734,0.360606061,0.975757576,0.163636364,0.16,-0.441,0.629749,1
B4FD93,0.406300553,0.32183908,1,0.620689655,0.23,-0.431,0.035889,1
B4FDG7,0.450389243,0.277070064,0,0.165605096,0.45,-0.301,0.221558,1
B4FDH3,0.477851852,0.3,0,0,0.16,-0.613,-0.529955,1
B4FDT9,0.435343915,0.314285714,0.933333333,0,,-0.456,0.106442,1
B4FDW2,0.401511438,0.305147059,0.202205882,0.1875,5.24,-0.01,0.0787206,1
B4FE66,0.424667286,0.217270195,0.13091922,0.26183844,3.28,-0.17,1.7467,1
B4FE67,0.440462963,0.258333333,0,0.058333333,2.64,-0.035,1.41807,1
B4FET2,0.353549383,0.337962963,0.592592593,0.356481481,2.95,-0.108,1.17596,1
B4FFH2,0.439368505,0.284172662,0.125899281,0.053956835,1.17,-0.267,1.36076,1
B4FFH9,0.435026455,0.323809524,0.971428571,0.104761905,,-0.453,0.112045,1
B4FFQ4,0.470703576,0.235294118,0.010380623,0.117647059,0.55,-0.167,-0.155906,1
B4FG27,0.439753941,0.23183391,0.138408304,0,2.71,-0.106,0.547957,1
B4FGA5,0.476666667,0.25,1,0,,-0.382,0.03058,1
B4FGF0,0.415823153,0.246073298,0.486910995,0.429319372,5.69,0.06,4.81823,1
B4FGP1,0.42103296,0.19266055,0.4617737,0.470948012,4.83,0.164,0.57643,1
B4FGU4,0.420900901,0.310810811,0.389189189,0.213513514,-1.32,-0.254,0.164416,1
B4FGW1,0.444246032,0.255952381,0,0.05952381,0.82,-0.269,1.10562,1
B4FHA8,0.375760909,0.366336634,0.594059406,0.280528053,2.99,-0.322,1.34888,1
B4FHB3,0.396383648,0.301886792,0.320754717,0.29245283,2.19,0.005,0.631447,1
B4FHE4,0.415594542,0.286549708,0.093567251,0,-1.3,-0.333,0.0418678,1
B4FI96,0.405228758,0.25708061,0.311546841,0.224400871,2.15,-0.047,0.572182,1
B4FIA6,0.490123457,0.237037037,0.251851852,0.4,,-0.385,0.811677,1
B4FIB4,0.443274854,0.276315789,0.164473684,0.157894737,-0.22,-0.337,0.0531229,1
B4FII3,0.456708595,0.200471698,0.089622642,0.16745283,1.69,-0.111,0.553446,1
B4FIU7,0.440957585,0.154566745,0.086651054,0.06557377,2.57,0.2,0.298433,1
B4FJ57,0.424118316,0.300341297,0,0,-0.15,-0.376,0.283257,1
B4FJC3,0.413033175,0.293838863,0.248815166,0.137440758,1.78,-0.304,1.33023,1
B4FJC9,0.475752315,0.15625,0,0.15625,1.51,0.029,-0.187172,1
B4FJL7,0.444091201,0.205202312,0,0.049132948,1.64,-0.198,0.0566677,1
B4FJP1,0.420673401,0.303030303,0.339393939,0.163636364,0.92,-0.412,-0.2343,1
B4FK63,0.432331903,0.25751073,0,0.197424893,0.78,0.127,0.184101,1
B4FKA1,0.402546296,0.305555556,0.142361111,0.166666667,4.92,-0.037,-0.028293,1
B4FKD1,0.436197378,0.170807453,0.285714286,0.180124224,2.3,0.03,-0.123806,1
B4FKD5,0.51138322,0.2,0,0,-0.63,-0.395,-0.0811383,1
B4FKM9,0.462588652,0.265957447,0,0.090425532,-0.84,-0.379,-0.0912009,1
B4FKN3,0.429714772,0.214559387,0.072796935,0,2.3,-0.24,0.581722,1
B4FL42,0.402799824,0.33531746,0,0.047619048,0.28,-0.405,0.641918,1
B4FL92,0.409870801,0.358139535,0.172093023,0,0.42,-0.449,1.16439,1
B4FLF6,0.4172484,0.30104712,0.5,0.303664921,4.12,-0.05,0.728039,1
B4FLG1,0.411917858,0.267326733,0,0.148514851,3.85,-0.098,1.17973,1
B4FLG4,0.427501064,0.222222222,0.034482759,0,2.48,-0.249,0.449144,1
B4FLZ6,0.376760563,0.422535211,0.774647887,0.330985915,-0.66,-0.563,0.268653,1
B4FM15,0.417047184,0.239726027,0.48630137,0,-0.71,-0.199,0.716424,1
B4FMA8,0.439773716,0.203655352,0,0.229765013,9.16,0.095,3.6554,1
B4FMI4,0.470362473,0.255863539,0,0.336886994,2.66,-0.163,-0.0213831,1
B4FMS0,0.499300087,0.204724409,0,0.094488189,,-0.371,-0.726405,1
B4FMU3,0.477604167,0.19140625,0,0,0.44,-0.214,0.634682,1
B4FMW9,0.412585034,0.316326531,0.993197279,0.418367347,0.93,-0.19,0.65123,1
B4FN19,0.470950469,0.301204819,0.512048193,0,0.45,-0.557,0.241471,1
B4FN92,0.431395809,0.238434164,0.088967972,0.046263345,2.17,-0.108,0.600263,1
B4FNB4,0.465462754,0.264108352,0.076749436,0.094808126,0.1,-0.353,0.529057,1
B4FNI4,0.418347051,0.154320988,0.219135802,0.429012346,0.88,0.117,1.02497,1
B4FNQ8,0.461786787,0.317567568,0,0,-1.33,-0.417,-0.178596,1
B4FNT0,0.410851202,0.292397661,0.076023392,0,-1.25,-0.272,0.315536,1
B4FP72,0.445270038,0.229102167,0.114551084,0.235294118,5.09,0.207,-0.298955,1
B4FPA6,0.459284627,0.260273973,0,0,-0.17,-0.233,-0.304068,1
B4FPJ2,0.483106576,0.336734694,0.989795918,0.204081633,,-0.723,-1.18244,1
B4FPM7,0.426891483,0.307392996,0.221789883,0.13618677,1.14,-0.414,0.236505,1
B4FQ71,0.426858372,0.146126761,0.521126761,0.417253521,5.16,0.354,0.86395,1
B4FQA5,0.42859745,0.31557377,1,0.704918033,0.48,-0.419,-0.0739507,1
B4FQK1,0.586433625,0.138576779,0.153558052,0.161048689,0.54,-0.39,-0.309132,1
B4FQQ8,0.423263889,0.3046875,0.26171875,0.265625,-0.72,-0.399,0.521689,1
B4FQW8,0.543637063,0.141868512,0.121107266,0.034602076,-0.74,-0.224,0.607189,1
B4FQZ4,0.458363636,0.285454545,0.247272727,0.258181818,0.72,-0.246,0.764777,1
B4FRG8,0.499749911,0.167202572,0,0.109324759,0.5,-0.08,0.553642,1
B4FRR8,0.436637512,0.256559767,0.029154519,0.311953353,1.99,-0.068,0.0764826,1
B4FRV0,0.484484228,0.132992327,0.148337596,0.294117647,1.29,0.007,0.445582,1
B4FS20,0.397670251,0.393548387,0.216129032,0.087096774,1.33,-0.489,0.357747,1
B4FS58,0.406967985,0.355932203,1,0.63559322,,-0.199,-0.0264308,1
B4FSA7,0.49505848,0.192105263,0,0.057894737,1.64,0.077,1.43386,1
B4FSE0,0.378546471,0.235849057,0.135220126,0.559748428,14.77,0.493,4.55882,1
B4FSJ5,0.417805383,0.322981366,0.273291925,0,0.1,-0.406,-0.302533,1
B4FSL3,0.415201573,0.288495575,0.410619469,0.102654867,1.92,-0.151,1.18171,1
B4FSL7,0.476398739,0.14893617,0,0.124113475,3.11,-0.079,0.359658,1
B4FSR3,0.454673721,0.275132275,0.153439153,0.206349206,-0.28,-0.219,0.543367,1
B4FSS8,0.454526749,0.277777778,0,0.154320988,-0.59,-0.372,0.199227,1
B4FT06,0.43982684,0.311688312,0.086580087,0,-0.76,-0.413,0.429067,1
B4FT54,0.443216697,0.256906077,0.187845304,0.196132597,6.61,0.069,2.26437,1
B4FTE5,0.433715875,0.312989045,0.139280125,0.250391236,7.01,0.124,1.41254,1
B4FTF3,0.488182261,0.160087719,0,0.337719298,3.35,-0.052,2.2287,1
B4FTH5,0.456293706,0.192307692,0,0.052447552,1.34,-0.023,0.47466,1
B4FTL0,0.420717022,0.31773399,0.081280788,0.123152709,1.13,-0.413,0.287782,1
B4FTL5,0.392720307,0.335423197,0.742946708,0.300940439,1.04,-0.195,-0.13841,1
B4FTM1,0.463082437,0.20766129,0.072580645,0.066532258,1.3,-0.127,0.357534,1
B4FTW4,0.43494152,0.138157895,0.24122807,0.364035088,5.23,0.454,0.776425,1
B4FTW5,0.436825397,0.314285714,0.155102041,0.12244898,-1.21,-0.311,0.7801,1
B4FTY3,0.437923251,0.173814898,0.11738149,0.074492099,2.12,0.05,0.774546,1
B4FU06,0.452962963,0.295238095,0,0,-1.21,-0.438,-0.323442,1
B4FU46,0.449487786,0.234042553,0.170212766,0.503546099,5.33,0.17,1.15387,1
B4FU52,0.466666667,0.273333333,0.393333333,0.38,-0.3,-0.27,1.04349,1
B4FUB5,0.460094851,0.243902439,0,0.067073171,0.43,-0.289,0.950071,1
B4FUD9,0.436967809,0.261682243,0.286604361,0.30529595,1.89,-0.232,0.474088,1
B4FUH4,0.430740741,0.178571429,0,0.20952381,4.81,0.103,1.11218,1
B4FUX9,0.370848939,0.376404494,1,0.185393258,0.06,-0.451,0.230853,1
B4FUY7,0.405904762,0.308571429,0.282857143,0.348571429,0.62,-0.233,0.597372,1
B4FV03,0.425355191,0.252459016,0,0,3.05,-0.069,0.444619,1
B4FV52,0.416596343,0.310126582,0.981012658,0.284810127,-0.89,-0.471,-0.0337001,1
B4FV87,0.488068376,0.203076923,0,0.046153846,1.45,-0.236,1.15972,1
B4FVQ0,0.48046367,0.231552163,0,0.150127226,0.16,-0.283,-0.0394501,1
B4FW06,0.40018622,0.273743017,0.502793296,0.446927374,7.04,-0.08,2.28447,1
B4FW26,0.423499703,0.219251337,0.187165775,0.20855615,3.91,0.159,0.980618,1
B4FWJ9,0.414957265,0.221893491,0.431952663,0.25739645,3.21,0.44,0.849101,1
B4FWM3,0.401408674,0.146723647,0.688034188,0.411680912,8.2,0.597,1.93546,1
B4FWP8,0.375595596,0.358558559,0.520720721,0.273873874,0.46,-0.27,1.43411,1
B4FWQ8,0.440898345,0.30212766,0,0.238297872,-0.67,-0.351,-0.148963,1
B4FX18,0.486875637,0.259174312,0.089449541,0.119266055,0.18,-0.318,-0.0322299,1
B4FX20,0.519315102,0.206208426,0,0.175166297,-0.01,-0.3,0.0631039,1
B4FXA9,0.450070836,0.264116576,0,0.176684882,1.75,-0.28,1.19249,1
B4FXB2,0.461996779,0.275362319,0.5,0.202898551,,-0.372,0.538907,1
B4FXL2,0.472167217,0.207920792,0,0.04950495,-0.24,-0.438,-0.459141,1
B4FY18,0.394289646,0.219814241,0.328173375,0.40247678,5.14,0.178,0.322936,1
B4FY63,0.454289733,0.253164557,0,0,-0.28,-0.355,-0.0365751,1
B4FYA8,0.372550861,0.374647887,0.515492958,0.287323944,-0.21,-0.429,0.0919523,1
B4FYG7,0.391790123,0.333333333,0.205555556,0.180555556,0.82,-0.214,0.919883,1
B4FZ37,0.500057571,0.183937824,0,0.240932642,3.84,-0.005,0.339696,1
B4FZB1,0.491860465,0.212209302,0.031976744,0.074127907,1.31,-0.232,0.117566,1
B4FZD7,0.43262963,0.246666667,0,0.08,-0.81,-0.246,-0.101917,1
B4FZG8,0.385191883,0.347197107,0.482820976,0.280289331,0.77,-0.328,1.24703,1
B4G019,0.39019182,0.234527687,0.198697068,0.381107492,8.72,0.186,2.74831,1
B4G0D8,0.456139169,0.167676768,0.183838384,0.153535354,3.72,0.076,1.27377,1
B4G0Q5,0.397586619,0.141935484,0.238709677,0.27311828,6.89,0.498,1.06947,1
B4G0R6,0.449807544,0.154734411,0.069284065,0.247113164,5.69,0.291,1.22104,1
B4G0V9,0.504777778,0.16,0,0.315,1.75,-0.289,-0.323442,1
B4G129,0.443027375,0.272463768,0.139130435,0.208695652,0.34,-0.25,0.667451,1
B4G147,0.509918393,0.231638418,0,0,-0.22,-0.405,0.493282,1
B4G1B0,0.400725851,0.407035176,0.994974874,0.522613065,0.74,-0.539,-0.134016,1
B4G1F2,0.499827288,0.264248705,0.010362694,0.336787565,0.15,-0.442,-0.369492,1
B4G1V8,0.42739591,0.277161863,0.208425721,0.201773836,1.41,-0.112,0.706297,1
B4G1W8,0.407968254,0.325714286,0,0.102857143,3.42,-0.225,0.848938,1
B4G227,0.478135624,0.204508857,0,0.107890499,1.22,-0.152,0.558003,1
B4G237,0.477695473,0.244444444,0.177777778,0.303703704,,-0.395,0.646999,1
B4G256,0.49319224,0.171428571,0,0,2.33,-0.236,1.67017,1
B6SIF9,0.428074074,0.333333333,0.473333333,0.433333333,-0.76,-0.499,0.517753,1
B6SIP0,0.507786527,0.204724409,0,0.094488189,,-0.386,-0.76151,1
B6SJ08,0.451396316,0.294117647,0.037433155,0,0,-0.328,0.528044,1
B6SJI7,0.364076346,0.355828221,0.63803681,0.472392638,3.24,-0.07,1.4788,1
B6SJU3,0.464102564,0.275641026,0.551282051,0.423076923,-0.04,-0.298,1.19634,1
B6SJW3,0.527518172,0.14953271,0,0.23364486,0.83,-0.175,0.0662076,1
B6SJZ5,0.421703704,0.333333333,0.533333333,0.366666667,-0.75,-0.49,0.827114,1
B6SK06,0.381111111,0.37,0.6,0.31,1.93,-0.419,1.02605,1
B6SK95,0.472474747,0.284090909,0.295454545,0,,-0.599,-0.504145,1
B6SKP7,0.430067568,0.141891892,0.25,0.489864865,5.5,0.311,-0.574322,1
B6SKP8,0.462629569,0.273322422,0,0.04091653,0.82,-0.336,0.743737,1
B6SLK8,0.442746914,0.298611111,0.458333333,0.090277778,-2.06,-0.374,-0.117828,1
B6SN85,0.3875,0.28125,1,0,,-0.388,-0.50751,1
B6SQV5,0.509375,0.1640625,0.5390625,0.1875,,-0.29,1.48063,1
B6SR19,0.512268519,0.138888889,0,0,-0.18,-0.285,-0.0999404,1
B6SRR5,0.483765432,0.177777778,0,0.042592593,0.23,-0.104,0.879828,1
B6SRS7,0.443945069,0.211235955,0.056179775,0.071910112,2.17,0.011,0.47136,1
B6SRX0,0.392720307,0.25862069,0.238505747,0.037356322,2.76,-0.049,1.05839,1
B6SU82,0.334251208,0.443478261,0.743478261,0.334782609,0.91,-0.29,0.778842,1
B6SUC4,0.491052851,0.168539326,0,0.04494382,1.27,-0.213,1.10705,1
B6SUJ3,0.447834967,0.275735294,0.25,0.147058824,0.6,-0.285,0.272247,1
B6SVX1,0.456486742,0.237215909,0.053977273,0.139204545,2.42,-0.009,0.188168,1
B6SW16,0.403463563,0.167082294,0.224438903,0.134663342,4.55,0.437,0.989799,1
B6SXK7,0.44154321,0.208333333,0.136111111,0,1.73,0.01,0.880727,1
B6SXV2,0.462401365,0.166986564,0.122840691,0.47024952,3.4,0.226,1.11749,1
B6SYW4,0.456603774,0.270440252,0.553459119,0.427672956,-0.17,-0.293,1.5743,1
B6SZL4,0.398162963,0.341333333,0.266666667,0.522666667,6.06,0.195,2.9862,1
B6T0W0,0.435299145,0.276923077,0.461538462,0.107692308,,-0.308,0.770773,1
B6T175,0.478497202,0.258992806,0.294964029,0.194244604,,-0.273,-0.0908579,1
B6T1R4,0.465450122,0.277372263,0.04379562,0.102189781,,-0.343,0.19614,1
B6T2X7,0.415793955,0.318007663,1,0.685823755,0.16,-0.464,-0.0372775,1
B6T346,0.411857708,0.260869565,0.501976285,0.193675889,3.76,0.014,2.20119,1
B6T361,0.525993884,0.247706422,0.816513761,0.357798165,,-0.456,-0.672809,1
B6T4U8,0.464189189,0.317567568,0,0,-1.64,-0.408,-0.228223,1
B6T5G5,0.478098291,0.259615385,0.125,0,,-0.414,-0.292421,1
B6T6R6,0.335942029,0.439130435,0.747826087,0.334782609,0.67,-0.296,0.846978,1
B6T8I4,0.376884602,0.430868167,0.453376206,0.221864952,0.85,-0.31,1.0614,1
B6T8Q7,0.435523696,0.229390681,0.100358423,0.05734767,1.88,-0.05,0.82481,1
B6TBE7,0.382264957,0.321428571,0.53021978,0.184065934,0.6,-0.247,1.39536,1
B6TCC2,0.437337124,0.162046908,0.23880597,0.351812367,4.09,0.365,0.0648028,1
B6TE60,0.470136582,0.202657807,0.19269103,0.179401993,5.68,-0.02,1.224,1
B6TGH8,0.405087505,0.326007326,1,0.659340659,0.45,-0.435,-0.0390908,1
B6TGV4,0.398116761,0.36440678,1,0.644067797,,-0.242,0.223665,1
B6THD1,0.477075099,0.245059289,0.003952569,0.154150198,2.74,-0.246,0.275122,1
B6THK3,0.40516934,0.374331551,0.315508021,0.085561497,-0.01,-0.546,-0.163436,1
B6THW0,0.442527233,0.209803922,0.21372549,0.309803922,2.27,0.067,0.175263,1
B6TJR4,0.423632812,0.32421875,0.203125,0.1640625,3.67,-0.299,1.37618,1
B6TKI9,0.452478134,0.180758017,0.014577259,0,0.12,-0.246,0.286116,1
B6TKK9,0.429719525,0.327669903,0.094660194,0.269417476,0.83,-0.363,0.236293,1
B6TL91,0.416402116,0.305764411,0.203007519,0.238095238,7.04,0.163,1.28841,1
B6TLP0,0.444752309,0.130982368,0.196473552,0.279596977,3.89,0.22,1.30017,1
B6TLY3,0.457101833,0.210735586,0.095427435,0.099403579,5.63,0.471,0.974018,1
B6TM66,0.436733716,0.204741379,0.157327586,0.081896552,3.9,0.144,0.886085,1
B6TMC1,0.436472347,0.286995516,0.161434978,0.170403587,1.21,-0.234,0.467815,1
B6TMN3,0.471876138,0.173770492,0,0,0.45,-0.246,0.372612,1
B6TN62,0.480357973,0.276150628,0,0.081589958,0.81,-0.313,0.568719,1
B6TRQ7,0.466286439,0.231939163,0,0.02661597,0.5,-0.311,0.581657,1
B6TRW3,0.444444444,0.236842105,0,0,,-0.358,-0.712553,1
B6TSA2,0.480384854,0.247672253,0,0.070763501,0.34,-0.294,0.563263,1
B6TST9,0.3725,0.395,1,0.295,2.8,-0.392,0.681761,1
B6TTV8,0.442904953,0.333333333,0.130522088,0.148594378,2.76,-0.379,0.394191,1
B6TU58,0.402077687,0.284552846,0.416666667,0.182926829,2.94,-0.253,0.621074,1
B6TV15,0.441755131,0.142250531,0.152866242,0.112526539,2.95,0.142,1.46537,1
B6TV49,0.450931824,0.191082803,0.074309979,0.082802548,1.99,0.215,0.881282,1
B6TVY0,0.439777778,0.28,1,0.15,,-0.509,-0.249671,1
B6TXB0,0.410019591,0.370277078,0.062972292,0.068010076,0.61,-0.352,0.167651,1
B6TYE1,0.442907058,0.226415094,0,0.201257862,5.65,0.242,-0.246355,1
B6U194,0.377843234,0.315169367,0.113402062,0.082474227,2.03,-0.079,1.47251,1
B6U2H1,0.390885668,0.28115942,0.913043478,0.356521739,2.88,-0.031,1.36736,1
B6U3A0,0.373833902,0.296928328,0.19112628,0.327645051,6.99,-0.019,3.9892,1
B6U6X4,0.441414141,0.238329238,0.081081081,0.049140049,1.81,-0.231,0.559914,1
B6U784,0.454137116,0.246808511,0.055319149,0.031205674,1.65,-0.09,1.38631,1
B6UBG2,0.473114754,0.173770492,0,0,0.17,-0.251,0.369394,1
B6UCY8,0.387775953,0.348111658,0.620689655,0.224958949,2.72,-0.201,1.50425,1
B6UEM9,0.421403668,0.278308322,0.171896317,0.12005457,1.87,-0.173,1.82002,1
B6UGZ9,0.456876006,0.182608696,0.037681159,0,1.48,-0.211,0.369149,1
B6UHU1,0.442750678,0.235772358,0,0,1.32,-0.206,0.487679,1
B7ZX43,0.432227539,0.203827751,0.184688995,0.102392344,5.51,0.22,1.57631,1
B7ZX44,0.443338438,0.196018377,0.087289433,0.174578867,2.86,0.004,0.948274,1
B7ZX91,0.411191821,0.266343826,0.259079903,0.476997579,10.87,0.306,3.64784,1
B7ZXJ1,0.461489446,0.111111111,0.11827957,0.053763441,3.9,0.275,1.01747,1
B7ZXU2,0.389937107,0.291105121,0.270889488,0.249326146,5.39,0.032,1.65449,1
B7ZY51,0.440083542,0.156390977,0.097744361,0.326315789,3.2,0.284,0.348076,1
B7ZY87,0.448765432,0.206790123,0.163580247,0.425925926,6.99,0.28,2.1136,1
B7ZYY9,0.46091239,0.186625194,0,0.094867807,5.4,0.068,1.77366,1
B7ZYZ0,0.443007916,0.160949868,0.229551451,0.387862797,3.7,0.279,1.60426,1
B7ZZX6,0.451207729,0.173913043,0.082608696,0.113043478,3.43,0.241,0.455678,1
B8A043,0.399036609,0.117052023,0.608381503,0.391618497,7.53,0.443,2.42743,1
B8A045,0.468491285,0.230392157,0,0,1.76,-0.201,1.01339,1
B8A148,0.486704926,0.222381636,0.021520803,0.083213773,-0.01,-0.09,0.310096,1
B8A1K2,0.449075488,0.258015267,0,0.018320611,2.65,-0.216,0.96492,1
B8A280,0.40842627,0.271375465,0.159851301,0.271375465,5.06,0.114,2.34438,1
B8A2G7,0.361553945,0.297101449,0.202898551,0.427536232,4.84,-0.054,2.88973,1
B8A2N4,0.429044834,0.14619883,0.101364522,0.499025341,3.94,0.588,1.01727,1
C0HE93,0.468010974,0.192592593,0,0.187654321,0.73,0.005,-0.427581,1
C0HF38,0.432605364,0.2,0.255172414,0.381034483,5.18,0.192,0.398994,1
C0HFG9,0.437933552,0.274917853,0.073384447,0.08871851,6.44,-0.088,1.13152,1
C0HFU7,0.451163109,0.254926108,0,0.014778325,1.11,-0.194,0.953125,1
C0HG45,0.45260223,0.150557621,0.083643123,0.330855019,3.16,0.094,-0.0521918,1
C0HGK3,0.429415543,0.228323699,0.158959538,0.294797688,3.54,0.1,0.494213,1
C0HIB9,0.426494346,0.327948304,0.117932149,0.147011309,0.49,-0.365,0.621826,1
C0P2Q6,0.352899364,0.34006734,0.2996633,0.420875421,7.98,-0.047,4.36606,1
C0P3D9,0.427019499,0.144846797,0.132311978,0.178272981,4.32,0.332,1.21021,1
C0P3W2,0.424365704,0.198818898,0.208661417,0.242125984,4.64,0.189,1.05543,1
C0P488,0.411466886,0.157635468,0.24137931,0.298029557,5.05,0.379,1.28474,1
C0P4M1,0.348277197,0.418118467,0.68989547,0.275261324,5.62,-0.175,1.95681,1
C0P4V1,0.368682326,0.386806597,0.167916042,0.175412294,3.95,-0.178,1.14075,1
C0P4W0,0.398300283,0.148725212,0.614730878,0.436260623,8.32,0.606,1.96153,1
C0P558,0.475173611,0.15625,0.053571429,0.439732143,7.5,0.423,3.01112,1
C0P576,0.465856259,0.16890595,0.120921305,0.428023033,2.34,0.2,1.04676,1
C0P5G8,0.483039216,0.152941176,0.002941176,0.15,3.56,-0.088,0.731502,1
C0P642,0.438260655,0.144124169,0.175166297,0.084257206,2.29,0.187,0.894187,1
C0P664,0.459474206,0.223214286,0.084821429,0.082589286,0.84,-0.189,0.429067,1
C0P680,0.427473863,0.238512035,0.118161926,0.422319475,13.46,0.477,1.34952,1
C0P6C7,0.441310541,0.267806268,0.188034188,0.236467236,5.91,-0.024,1.93092,1
C0P6D0,0.440039237,0.260032103,0.128410915,0.102728732,4.06,0.162,0.539805,1
C0P6L3,0.472107438,0.256198347,0,0.161157025,-0.04,-0.237,-0.0438444,1
C0P6Q4,0.449483204,0.209302326,0.101744186,0.148255814,3.11,0.171,1.02644,1
C0P6Z0,0.432399213,0.232300885,0.17699115,0.360619469,12.46,0.394,1.19203,1
C0P7N5,0.43140717,0.263242376,0.221508828,0.1894061,1.02,-0.172,0.968089,1
C0P7S7,0.39598554,0.246575342,0.017123288,0.044520548,4.56,0.196,2.25496,1
C0P861,0.483181818,0.151818182,0.203636364,0.211818182,4.07,0.197,0.514878,1
C0P8G0,0.434695201,0.200389105,0.112840467,0.027237354,1.98,0.011,0.711704,1
C0P8K4,0.375178908,0.420338983,1,0.393220339,0.7,-0.328,1.02353,1
C0P8K5,0.493969611,0.25,0.032051282,0.044871795,-0.53,-0.279,0.173401,1
C0P8S9,0.420515046,0.2265625,0.244791667,0.388020833,11.31,0.328,4.75632,1
C0P9J3,0.432466632,0.177847114,0.268330733,0.27925117,4.66,0.278,0.33968,1
C0P9Q6,0.414309764,0.191919192,0.195286195,0,3.38,0.294,1.4138,1
C0P9R5,0.477323232,0.218181818,0,0.05,-0.49,-0.388,-0.142609,1
C0P9S2,0.424730374,0.14221219,0.196388262,0.431151242,11.25,0.355,4.37292,1
C0PAJ9,0.456058846,0.195121951,0.020905923,0.334494774,4.04,0.111,0.870713,1
C0PAS9,0.45281583,0.287671233,0.287671233,0.184931507,0.06,-0.197,0.847125,1
C0PBC5,0.445279866,0.304511278,0.334586466,0.229323308,-1.22,-0.37,-0.551698,1
C0PBI8,0.456486043,0.285714286,0,0.078817734,2.43,-0.455,-0.446089,1
C0PCN6,0.407340067,0.184848485,0.159090909,0.106060606,4.67,0.272,1.84566,1
C0PD45,0.41986532,0.35016835,0.249158249,0.193602694,2.63,-0.404,1.15216,1
C0PDG9,0.444416351,0.188369153,0.013906448,0.13653603,2.6,0.232,0.255454,1
C0PDN0,0.479093567,0.239035088,0.039473684,0.067982456,0.22,-0.256,0.682398,1
C0PDQ4,0.449986804,0.224465558,0,0.105700713,2.63,-0.088,0.394109,1
C0PDQ7,0.440316112,0.140127389,0.014861996,0.142250531,3.29,0.156,1.55705,1
C0PDT1,0.490752033,0.210365854,0,0.268292683,2.52,-0.093,0.208653,1
C0PEE1,0.531940964,0.157894737,0,0.220551378,0.71,-0.285,0.448065,1
C0PEG8,0.432618026,0.25751073,0,0.197424893,0.69,0.103,0.125391,1
C0PER5,0.442325984,0.143968872,0.077821012,0.212710765,4.3,0.338,0.604788,1
C0PG02,0.437273902,0.209302326,0.119186047,0.023255814,1.48,-0.011,0.671731,1
C0PG74,0.436995732,0.235439901,0.053283767,0.17472119,2.26,0.149,0.426976,1
C0PG81,0.418866787,0.307414105,0.204339964,0.079566004,1.96,-0.231,1.12894,1
C0PG82,0.435834358,0.191881919,0.127306273,0.219557196,5.17,0.25,0.893746,1
C0PG86,0.427177882,0.287949922,0.186228482,0.120500782,0.82,-0.185,1.59209,1
C0PGC2,0.328847048,0.305439331,0.845188285,0.424686192,5.8,0.014,2.02238,1
C0PGG7,0.418740002,0.233665559,0.027685493,0.225913621,6.58,0.388,1.12893,1
C0PH10,0.305246914,0.43452381,1,0.265873016,0.39,-0.206,1.51072,1
C0PH42,0.440277778,0.258333333,0,0.091666667,2.3,-0.034,1.44953,1
C0PH85,0.464289289,0.218468468,0.074324324,0.087837838,1.16,-0.139,0.548594,1
C0PHK6,0.463120567,0.273322422,0,0.04091653,0.74,-0.336,0.749455,1
C0PHP0,0.496790511,0.204081633,0,0.095761381,1.62,-0.242,0.51687,1
C0PIH9,0.457362784,0.096385542,0.129518072,0.313253012,1.4,0.205,-0.28837,1
C0PIK4,0.448795649,0.227272727,0,0.06993007,2.03,-0.077,0.46151,1
C0PIP7,0.413471829,0.229461756,0.223796034,0.218130312,6.46,0.251,0.558559,1
C0PJD1,0.425935673,0.305263158,0.352631579,0.115789474,-0.94,-0.219,0.176897,1
C0PKE8,0.458910675,0.211764706,0.058823529,0.22745098,0.47,-0.262,-0.659005,1
C0PLI2,0.429495761,0.180722892,0,0.453815261,10.77,0.114,6.65662,1
C0PM53,0.46071741,0.236220472,0,0.118110236,-0.56,-0.088,0.431387,1
C0PM77,0.399790356,0.19706499,0.542976939,0.062893082,4.04,0.231,0.261237,1
C0PP56,0.329619138,0.339943343,0.390934844,0.478753541,5.12,0.051,2.23827,1
C4IYK3,0.444497992,0.187951807,0,0.103614458,4.39,0.142,0.586541,1
C4IYL0,0.41050304,0.263681592,0.517412935,0.26119403,3.85,-0.07,0.603546,1
C4IYP4,0.429958848,0.165432099,0.298765432,0.422222222,4.03,0.226,1.47369,1
C4IYY4,0.411623246,0.286573146,0.278557114,0.144288577,2.6,0.054,1.59877,1
C4J0B2,0.452633745,0.244444444,0.166666667,0.288888889,1.49,-0.169,0.763928,1
C4J0Q1,0.436881908,0.209424084,0,0,2.62,0.043,0.313853,1
C4J193,0.424396135,0.267663043,0.023097826,0.097826087,2.5,0.256,0.838565,1
C4J1R7,0.488499025,0.213450292,0.029239766,0.157894737,3.01,-0.114,0.197594,1
C4J233,0.470424308,0.270226537,0.072815534,0.061488673,-0.07,-0.33,0.44359,1
C4J2Q3,0.432134949,0.317702227,0.164126612,0.063305979,0.24,-0.297,0.809635,1
C4J3M8,0.46459144,0.175097276,0.105058366,0.26848249,4.78,0.222,0.712978,1
C4J4W6,0.408496732,0.270588235,0.741176471,0.193277311,1.67,0.021,1.38974,1
C4J5I4,0.411162472,0.338983051,0.175654854,0.218798151,1,-0.205,1.25208,1
C4J9I2,0.42942097,0.183098592,0.09054326,0.136820926,3.8,0.237,1.18537,1
C4J9J4,0.452002465,0.227356747,0.04805915,0.125693161,3.71,0.016,1.41372,1
C4J9R0,0.488834423,0.171568627,0,0.181372549,2.64,-0.22,0.106948,1
C4J9S5,0.41029711,0.168498168,0.340659341,0.245421245,5.94,0.14,2.07772,1
C4J9Z7,0.473096447,0.208121827,0.060913706,0.197969543,0.25,-0.228,1.18579,1
C4JA00,0.448851224,0.244067797,0,0.033898305,4.14,0.017,0.878554,1
C4JAN7,0.461212649,0.156657963,0.07310705,0.253263708,1.98,0.046,0.163175,1
C4JC17,0.433466743,0.325900515,0.253859348,0.222984563,0.4,-0.386,0.729084,1
C4JC33,0.42324263,0.280612245,0.238095238,0.214285714,0.83,-0.179,0.780263,1
C4JC78,0.346070461,0.425087108,0.644599303,0.219512195,4.64,-0.163,1.67525,1
K7TGE1,0.442944543,0.227353464,0,0.051509769,1.2,-0.064,1.23895,1
K7TI82,0.374589975,0.249480249,0.17983368,0.148648649,3.97,0.38,1.59434,1
K7TJ84,0.480035065,0.174556213,0.192307692,0.157790927,6.04,0.312,0.43913,1
K7TJV1,0.42580987,0.264305177,0,0.099455041,3.2,0.268,1.02146,1
K7TLU2,0.444888889,0.225945946,0.132972973,0.158918919,6.44,0.243,0.921239,1
K7TNS2,0.439750084,0.17325228,0.158054711,0.203647416,1.51,0.329,0.591671,1
K7TP58,0.45432362,0.219616205,0,0.106609808,4.11,-0.236,0.761543,1
K7TRZ5,0.4269773,0.120430108,0,0.297849462,5.08,0.41,1.18726,1
K7TSG0,0.428635953,0.239837398,0.272357724,0.215447154,2.37,-0.122,-0.0794394,1
K7TVS3,0.395988539,0.249283668,0.103151862,0.114613181,2.52,-0.046,1.26642,1
K7TX82,0.409631491,0.198492462,0,0.472361809,4.8,0.475,0.608708,1
K7U3E1,0.436387264,0.274853801,0.362573099,0.18128655,0.71,-0.241,-0.594905,1
K7U4K6,0.482277319,0.256198347,0.371900826,0,,-0.381,-0.812755,1
K7U5M9,0.38146239,0.359106529,0.300687285,0.316151203,1.99,-0.26,0.918952,1
K7U6Y4,0.347984496,0.462790698,0.718604651,0.237209302,2.39,-0.348,0.59448,1
K7U9C9,0.457602339,0.215460526,0.177631579,0.207236842,8.41,0.128,1.55411,1
K7U9Z6,0.483749388,0.237885463,0,0.374449339,-0.98,-0.31,-0.676501,1
K7UCS1,0.47210728,0.227586207,0,0.206896552,-0.76,-0.198,-0.255046,1
K7UEH3,0.455063291,0.251582278,0.039556962,0.061708861,1.65,-0.207,0.802578,1
K7UGR2,0.486850321,0.252892562,0,0.036363636,0.12,-0.312,1.01928,1
K7UGV0,0.431292517,0.163265306,0.017492711,0.078717201,5.01,0.171,1.70616,1
K7UIS1,0.395869809,0.337373737,0.329292929,0.193939394,1.92,-0.258,2.11897,1
K7UK47,0.425359477,0.17540107,0.035294118,0.213903743,8.96,0.573,1.87507,1
K7UN74,0.367587986,0.257048093,0.454394693,0.583747927,9.78,0.286,2.86668,1
K7UQK1,0.494858828,0.18710493,0.04045512,0.130214918,1.27,-0.141,0.34605,1
K7URC3,0.365793651,0.38,0.562857143,0.548571429,8.31,-0.05,2.16273,1
K7US34,0.356659308,0.40397351,0.465783664,0.196467991,3.04,-0.304,1.02017,1
K7USZ5,0.436214502,0.2382134,0.05707196,0.234491315,2.94,0.124,0.447265,1
K7UT28,0.429340278,0.15625,0.122767857,0.127232143,2.61,0.152,0.810974,1
K7UVJ3,0.436476505,0.171145686,0.060820368,0.01980198,2.63,0.391,0.779218,1
K7UXV6,0.436911488,0.164869029,0.386748844,0.337442219,6.56,0.066,1.29439,1
K7UZG6,0.396462585,0.279591837,0.381632653,0.208163265,4.5,-0.177,0.40971,1
K7UZL9,0.38558466,0.295839753,0.386748844,0.17257319,1.69,-0.02,1.06519,1
K7UZV2,0.449977822,0.183632735,0.011976048,0.038922156,4.25,0.147,1.43659,1
K7UZW2,0.41987893,0.114235501,0.020210896,0.201230228,3.67,0.649,1.15698,1
K7V1S7,0.42767094,0.336538462,1,0.365384615,,-0.354,0.251354,1
K7V294,0.456006006,0.158783784,0.246621622,0.378378378,7.67,0.359,1.51823,1
K7V5D2,0.3577655,0.303867403,0,0.287292818,5.37,-0.215,2.05106,1
K7V5J0,0.290535492,0.452054795,0.97011208,0.325031133,5.28,-0.043,2.63084,1
K7V687,0.402768031,0.326315789,0.512280702,0.21754386,0.35,-0.395,0.671045,1
K7V707,0.504881182,0.219653179,0.096339114,0.077071291,0.2,-0.312,0.201906,1
K7V792,0.466536458,0.265625,0.2609375,0.1,3.92,-0.157,0.67142,1
K7V9Q6,0.45527307,0.149717514,0,0.539548023,4.74,0.395,1.37367,1
K7V9X2,0.392289442,0.37366548,0.256227758,0.234875445,2.61,-0.334,0.228631,1
K7VAN4,0.428083679,0.140319716,0.44937833,0.293072824,6.11,0.345,0.901522,1
K7VD40,0.396187296,0.281778334,0,0.07827176,2.01,-0.076,1.60488,1
K7VE89,0.408158666,0.227180527,0.223123732,0.265720081,4.78,0.405,0.559751,1
K7VET5,0.505742821,0.224719101,0,0.028089888,-0.16,-0.356,0.887735,1
K7VF27,0.437447257,0.243670886,0.085443038,0.148734177,1.07,-0.29,0.496663,1
K7VIA0,0.436750635,0.318101933,0.16168717,0.124780316,-0.09,-0.319,1.10176,1
K7VKJ4,0.408395062,0.273015873,0.384126984,0.336507937,1.82,-0.139,0.509716,1
K7VKN2,0.429045795,0.215106732,0.146141215,0.055829228,4.22,-0.04,1.36161,1
K7VKP3,0.417152398,0.306010929,0.307377049,0.18715847,0.11,-0.178,0.369034,1
K7VKY1,0.438752914,0.236013986,0.073426573,0.106643357,2.23,-0.201,0.468191,1
K7VLM3,0.433048703,0.200189753,0.19259962,0.15085389,5.52,0.214,1.7195,1
K7VLV6,0.435310399,0.330960854,0.190391459,0.145907473,-0.22,-0.334,1.05849,1
K7VMM8,0.436173051,0.240994854,0,0.031732419,2.47,-0.116,1.12019,1
K7VP39,0.470824598,0.232704403,0,0.135220126,2.77,-0.122,1.589,1
K7VP89,0.4582496,0.237221494,0.062909567,0.095674967,3.34,0.28,0.0816283,1
K7VQ06,0.392865297,0.16609589,0.147260274,0.246575342,3.89,0.473,0.447477,1
K7VQG5,0.451423098,0.257389163,0,0,0.73,-0.18,0.936627,1
K7VR37,0.438789386,0.308955224,0.132835821,0.113432836,1.5,-0.216,0.634796,1
K7VTA8,0.433661288,0.214876033,0.046044864,0.043683589,2.87,0.043,1.4131,1
K7VUA0,0.387484552,0.319514661,0.160768453,0.101112235,0.52,-0.235,1.28759,1
K7VUP6,0.460146699,0.24205379,0.122249389,0.232273839,1.1,-0.114,0.510973,1
K7VV70,0.46765873,0.181122449,0,0.173469388,2.24,0.034,0.287406,1
K7VZB7,0.400869828,0.250510551,0.164737917,0.136147039,8.23,0.284,1.09203,1
K7W8C5,0.419941133,0.145695364,0,0.748344371,13.7,0.337,7.49577,1
K7W8X7,0.450707979,0.245877061,0.098950525,0.092953523,3.06,0.056,1.09167,1
K7WAY9,0.460015649,0.10915493,0.095070423,0.049295775,3.33,0.277,1.23908,1
K7WFZ8,0.432353934,0.196048632,0.037993921,0.094984802,3.68,0.084,1.49984,1
K7WGQ3,0.389078591,0.163414634,0.326829268,0.548780488,7.6,0.585,2.14846,1
M1H548,0.336959337,0.326340326,0.662004662,0.666666667,6.24,-0.028,0.949826,1
O22424,0.447966457,0.283018868,0.018867925,0.101886792,-0.18,-0.378,1.01543,1
P06586,0.441765873,0.303571429,0,0,1.5,-0.283,0.553576,1
P09387,0.46953405,0.225806452,0.021505376,0,,-0.446,0.0667957,1
P19124,0.456743536,0.220125786,0,0,-0.28,-0.337,-0.186845,1
P23444,0.406865402,0.317073171,1,0.634146341,0.57,-0.411,0.038568,1
P24067,0.448231942,0.31372549,0.101055807,0.113122172,0.8,-0.355,1.52394,1
P25461,0.383164983,0.333333333,1,0,,-0.55,-0.386138,1
P28523,0.444745649,0.286144578,0,0.063253012,-0.65,-0.42,0.418172,1
P30755,0.419646799,0.344370861,0.476821192,0.370860927,-0.94,-0.494,0.50916,1
P49235,0.43786808,0.22614841,0,0.049469965,1.53,-0.067,1.14691,1
Q3V810,0.492162417,0.201133144,0.036827195,0.07082153,0.13,-0.326,-0.935989,1
Q41784,0.458451935,0.229213483,0.078651685,0.062921348,1.1,-0.16,0.505697,1
Q41870,0.538095238,0.149825784,0.114982578,0,-0.62,-0.26,0.537045,1
Q43697,0.46164794,0.220224719,0.078651685,0.083146067,0.8,-0.189,0.408877,1
Q5IBC6,0.475535625,0.210762332,0,0.089686099,-0.72,-0.329,-0.078884,1
Q64HC3,0.373567251,0.315789474,0.245614035,0.343859649,3.55,-0.058,1.82206,1
Q6TAR9,0.438160782,0.26929982,0.073608618,0.023339318,1.55,-0.115,0.186257,1
Q7Y1W6,0.440319128,0.243432574,0.1558669,0.122591944,2.25,-0.144,0.625273,1
Q84N49,0.441312232,0.264094955,0,0.017804154,0.89,-0.229,0.690745,1
Q84RL7,0.561992337,0.127586207,0,0.062068966,0.11,-0.268,0.595036,1
Q84RL8,0.544675926,0.135416667,0.114583333,0.034722222,-0.68,-0.22,0.584189,1
Q84UX6,0.384795322,0.386842105,0.276315789,0.207894737,0.25,-0.468,0.85098,1
Q8LK07,0.433560091,0.295918367,1,0.607142857,0.49,-0.38,-0.0965426,1
Q8S4C4,0.521075269,0.190322581,0,0.129032258,0.28,-0.296,0.583928,1
Q8VZZ8,0.442509921,0.227678571,0.040178571,0.113839286,1.75,-0.146,1.08464,1
Q94KS6,0.447902098,0.202797203,0,0.045454545,4.06,-0.029,0.798282,1
Q94KS8,0.471779388,0.163043478,0,0.083333333,1.8,-0.116,0.453685,1
Q9AQU5,0.542732116,0.143835616,0.130136986,0.085616438,-0.54,-0.222,0.722893,1
Q9AR14,0.543055556,0.145833333,0.114583333,0.072916667,-0.43,-0.246,0.45852,1
Q9ATM6,0.552932099,0.135416667,0.003472222,0,-0.01,-0.323,0.261498,1
Q9ATM7,0.552249135,0.138408304,0.038062284,0,-0.02,-0.323,0.283698,1
Q9ATM8,0.561225266,0.123287671,0,0.068493151,0.4,-0.26,0.649792,1
Q9ZT00,0.455401591,0.244803695,0.092378753,0,0.16,-0.032,1.09062,1
